<?xml version="1.0" encoding="UTF-8"?>

<process name="qingjia" xmlns="http://jbpm.org/4.4/jpdl">
   <start name="start1" g="125,54,48,48">
      <transition name="to 请假申请" to="请假申请" g="-69,-22"/>
   </start>
   <end name="end1" g="226,457,48,48"/>
   <task name="请假申请" g="123,150,92,52" assignee="#{form.applicator}">
      <transition name="to 部门经理审批" to="部门经理审批" g="-93,-22"/>
   </task>
   <task name="部门经理审批" g="150,271,92,52" assignee="张三">
      <transition name="to 总经理审批" to="总经理审批" g="-81,-22"/>
   </task>
   <task name="总经理审批" g="173,361,92,52" assignee="王五">
      <transition name="to end1" to="end1" g="-50,-22"/>
   </task>
</process>