/*
Navicat MySQL Data Transfer

Source Server         : localhost_mybase
Source Server Version : 50508
Source Host           : localhost:3306
Source Database       : oa_a

Target Server Type    : MYSQL
Target Server Version : 50508
File Encoding         : 65001

Date: 2018-05-18 15:14:37
*/

SET FOREIGN_KEY_CHECKS=0;

-- ----------------------------
-- Table structure for `approve`
-- ----------------------------
DROP TABLE IF EXISTS `approve`;
CREATE TABLE `approve` (
  `aid` bigint(20) NOT NULL,
  `approvename` varchar(20) DEFAULT NULL,
  `approvetime` datetime DEFAULT NULL,
  `isapprove` bit(1) DEFAULT NULL,
  `fid` bigint(20) DEFAULT NULL,
  PRIMARY KEY (`aid`),
  KEY `FK33F39B2D8BC6D31` (`fid`),
  CONSTRAINT `FK33F39B2D8BC6D31` FOREIGN KEY (`fid`) REFERENCES `form` (`fid`)
) ENGINE=InnoDB DEFAULT CHARSET=utf8;

-- ----------------------------
-- Records of approve
-- ----------------------------

-- ----------------------------
-- Table structure for `department`
-- ----------------------------
DROP TABLE IF EXISTS `department`;
CREATE TABLE `department` (
  `did` bigint(20) NOT NULL,
  `name` varchar(20) DEFAULT NULL,
  `description` varchar(20) DEFAULT NULL,
  PRIMARY KEY (`did`)
) ENGINE=InnoDB DEFAULT CHARSET=utf8;

-- ----------------------------
-- Records of department
-- ----------------------------
INSERT INTO `department` VALUES ('1', '财务部', '钱多');
INSERT INTO `department` VALUES ('3', '客服部', '打电话啊啊');
INSERT INTO `department` VALUES ('4', '阿萨德阿斯达所多', '阿斯达所多');
INSERT INTO `department` VALUES ('5', '公关部', '美女多');

-- ----------------------------
-- Table structure for `form`
-- ----------------------------
DROP TABLE IF EXISTS `form`;
CREATE TABLE `form` (
  `fid` bigint(20) NOT NULL,
  `applicator` varchar(20) DEFAULT NULL,
  `applictetime` datetime DEFAULT NULL,
  `piid` varchar(20) DEFAULT NULL,
  `state` varchar(10) DEFAULT NULL,
  `title` varchar(50) DEFAULT NULL,
  `url` varchar(300) DEFAULT NULL,
  `ftid` bigint(20) DEFAULT NULL,
  PRIMARY KEY (`fid`),
  KEY `FK2180E456640033` (`ftid`),
  CONSTRAINT `FK2180E456640033` FOREIGN KEY (`ftid`) REFERENCES `formtemplate` (`ftid`)
) ENGINE=InnoDB DEFAULT CHARSET=utf8;

-- ----------------------------
-- Records of form
-- ----------------------------
INSERT INTO `form` VALUES ('1', 'root', '2018-03-30 18:09:50', 'qingjia.30001', '申请中', '请假模板_root_Fri Mar 30 18:09:50 GMT+08:00 2018', 'F:\\apache-tomcat-7.0.84\\webapps\\oaZD\\WEB-INF\\upload/2018/03/30/b2cc0d3b-386b-43a0-b4be-c311f86e61f2', '1');
INSERT INTO `form` VALUES ('2', 'root', '2018-04-02 09:08:53', 'qingjia.40001', '申请中', '请假模板_root_Mon Apr 02 09:08:53 GMT+08:00 2018', 'F:\\apache-tomcat-7.0.84\\webapps\\oaZD\\WEB-INF\\upload/2018/04/02/f0fab3dd-af49-4394-8736-069b28839600', '1');
INSERT INTO `form` VALUES ('3', 'admin', '2018-04-02 09:52:09', 'qingjia.50001', '申请中', '请假模板_admin_2018-04-02', 'F:\\apache-tomcat-7.0.84\\webapps\\oaZD\\WEB-INF\\upload/2018/04/02/3de4fcca-8188-46f1-98e4-6d908806cd6a', '1');

-- ----------------------------
-- Table structure for `formtemplate`
-- ----------------------------
DROP TABLE IF EXISTS `formtemplate`;
CREATE TABLE `formtemplate` (
  `ftid` bigint(20) NOT NULL,
  `name` varchar(20) DEFAULT NULL,
  `processKey` varchar(20) DEFAULT NULL,
  `url` varchar(300) DEFAULT NULL,
  PRIMARY KEY (`ftid`)
) ENGINE=InnoDB DEFAULT CHARSET=utf8;

-- ----------------------------
-- Records of formtemplate
-- ----------------------------
INSERT INTO `formtemplate` VALUES ('1', '请假模板', 'qingjia', 'F:\\apache-tomcat-7.0.84\\webapps\\oaZD\\WEB-INF\\upload/2018/03/30/f78fe956-99fe-4a0c-be2f-9787ff737584');

-- ----------------------------
-- Table structure for `jbpm4_deployment`
-- ----------------------------
DROP TABLE IF EXISTS `jbpm4_deployment`;
CREATE TABLE `jbpm4_deployment` (
  `DBID_` bigint(20) NOT NULL,
  `NAME_` longtext,
  `TIMESTAMP_` bigint(20) DEFAULT NULL,
  `STATE_` varchar(255) DEFAULT NULL,
  PRIMARY KEY (`DBID_`)
) ENGINE=InnoDB DEFAULT CHARSET=utf8;

-- ----------------------------
-- Records of jbpm4_deployment
-- ----------------------------
INSERT INTO `jbpm4_deployment` VALUES ('10008', null, '0', 'active');

-- ----------------------------
-- Table structure for `jbpm4_deployprop`
-- ----------------------------
DROP TABLE IF EXISTS `jbpm4_deployprop`;
CREATE TABLE `jbpm4_deployprop` (
  `DBID_` bigint(20) NOT NULL,
  `DEPLOYMENT_` bigint(20) DEFAULT NULL,
  `OBJNAME_` varchar(255) DEFAULT NULL,
  `KEY_` varchar(255) DEFAULT NULL,
  `STRINGVAL_` varchar(255) DEFAULT NULL,
  `LONGVAL_` bigint(20) DEFAULT NULL,
  PRIMARY KEY (`DBID_`),
  KEY `FK_DEPLPROP_DEPL` (`DEPLOYMENT_`),
  KEY `IDX_DEPLPROP_DEPL` (`DEPLOYMENT_`),
  CONSTRAINT `FK_DEPLPROP_DEPL` FOREIGN KEY (`DEPLOYMENT_`) REFERENCES `jbpm4_deployment` (`DBID_`)
) ENGINE=InnoDB DEFAULT CHARSET=utf8;

-- ----------------------------
-- Records of jbpm4_deployprop
-- ----------------------------
INSERT INTO `jbpm4_deployprop` VALUES ('10011', '10008', 'qingjia', 'langid', 'jpdl-4.4', null);
INSERT INTO `jbpm4_deployprop` VALUES ('10012', '10008', 'qingjia', 'pdid', 'qingjia-1', null);
INSERT INTO `jbpm4_deployprop` VALUES ('10013', '10008', 'qingjia', 'pdkey', 'qingjia', null);
INSERT INTO `jbpm4_deployprop` VALUES ('10014', '10008', 'qingjia', 'pdversion', null, '1');

-- ----------------------------
-- Table structure for `jbpm4_execution`
-- ----------------------------
DROP TABLE IF EXISTS `jbpm4_execution`;
CREATE TABLE `jbpm4_execution` (
  `DBID_` bigint(20) NOT NULL,
  `CLASS_` varchar(255) NOT NULL,
  `DBVERSION_` int(11) NOT NULL,
  `ACTIVITYNAME_` varchar(255) DEFAULT NULL,
  `PROCDEFID_` varchar(255) DEFAULT NULL,
  `HASVARS_` bit(1) DEFAULT NULL,
  `NAME_` varchar(255) DEFAULT NULL,
  `KEY_` varchar(255) DEFAULT NULL,
  `ID_` varchar(255) DEFAULT NULL,
  `STATE_` varchar(255) DEFAULT NULL,
  `SUSPHISTSTATE_` varchar(255) DEFAULT NULL,
  `PRIORITY_` int(11) DEFAULT NULL,
  `HISACTINST_` bigint(20) DEFAULT NULL,
  `PARENT_` bigint(20) DEFAULT NULL,
  `INSTANCE_` bigint(20) DEFAULT NULL,
  `SUPEREXEC_` bigint(20) DEFAULT NULL,
  `SUBPROCINST_` bigint(20) DEFAULT NULL,
  `PARENT_IDX_` int(11) DEFAULT NULL,
  PRIMARY KEY (`DBID_`),
  UNIQUE KEY `ID_` (`ID_`),
  KEY `FK_EXEC_SUBPI` (`SUBPROCINST_`),
  KEY `FK_EXEC_INSTANCE` (`INSTANCE_`),
  KEY `FK_EXEC_SUPEREXEC` (`SUPEREXEC_`),
  KEY `FK_EXEC_PARENT` (`PARENT_`),
  KEY `IDX_EXEC_SUBPI` (`SUBPROCINST_`),
  KEY `IDX_EXEC_PARENT` (`PARENT_`),
  KEY `IDX_EXEC_SUPEREXEC` (`SUPEREXEC_`),
  KEY `IDX_EXEC_INSTANCE` (`INSTANCE_`),
  CONSTRAINT `FK_EXEC_INSTANCE` FOREIGN KEY (`INSTANCE_`) REFERENCES `jbpm4_execution` (`DBID_`),
  CONSTRAINT `FK_EXEC_PARENT` FOREIGN KEY (`PARENT_`) REFERENCES `jbpm4_execution` (`DBID_`),
  CONSTRAINT `FK_EXEC_SUBPI` FOREIGN KEY (`SUBPROCINST_`) REFERENCES `jbpm4_execution` (`DBID_`),
  CONSTRAINT `FK_EXEC_SUPEREXEC` FOREIGN KEY (`SUPEREXEC_`) REFERENCES `jbpm4_execution` (`DBID_`)
) ENGINE=InnoDB DEFAULT CHARSET=utf8;

-- ----------------------------
-- Records of jbpm4_execution
-- ----------------------------
INSERT INTO `jbpm4_execution` VALUES ('30001', 'pvm', '2', '部门经理审批', 'qingjia-1', '', null, null, 'qingjia.30001', 'active-root', null, '0', '30006', null, '30001', null, null, null);
INSERT INTO `jbpm4_execution` VALUES ('40001', 'pvm', '2', '部门经理审批', 'qingjia-1', '', null, null, 'qingjia.40001', 'active-root', null, '0', '40006', null, '40001', null, null, null);
INSERT INTO `jbpm4_execution` VALUES ('50001', 'pvm', '2', '部门经理审批', 'qingjia-1', '', null, null, 'qingjia.50001', 'active-root', null, '0', '50006', null, '50001', null, null, null);

-- ----------------------------
-- Table structure for `jbpm4_hist_actinst`
-- ----------------------------
DROP TABLE IF EXISTS `jbpm4_hist_actinst`;
CREATE TABLE `jbpm4_hist_actinst` (
  `DBID_` bigint(20) NOT NULL,
  `CLASS_` varchar(255) NOT NULL,
  `DBVERSION_` int(11) NOT NULL,
  `HPROCI_` bigint(20) DEFAULT NULL,
  `TYPE_` varchar(255) DEFAULT NULL,
  `EXECUTION_` varchar(255) DEFAULT NULL,
  `ACTIVITY_NAME_` varchar(255) DEFAULT NULL,
  `START_` datetime DEFAULT NULL,
  `END_` datetime DEFAULT NULL,
  `DURATION_` bigint(20) DEFAULT NULL,
  `TRANSITION_` varchar(255) DEFAULT NULL,
  `NEXTIDX_` int(11) DEFAULT NULL,
  `HTASK_` bigint(20) DEFAULT NULL,
  PRIMARY KEY (`DBID_`),
  KEY `FK_HACTI_HPROCI` (`HPROCI_`),
  KEY `FK_HTI_HTASK` (`HTASK_`),
  KEY `IDX_HTI_HTASK` (`HTASK_`),
  KEY `IDX_HACTI_HPROCI` (`HPROCI_`),
  CONSTRAINT `FK_HACTI_HPROCI` FOREIGN KEY (`HPROCI_`) REFERENCES `jbpm4_hist_procinst` (`DBID_`),
  CONSTRAINT `FK_HTI_HTASK` FOREIGN KEY (`HTASK_`) REFERENCES `jbpm4_hist_task` (`DBID_`)
) ENGINE=InnoDB DEFAULT CHARSET=utf8;

-- ----------------------------
-- Records of jbpm4_hist_actinst
-- ----------------------------
INSERT INTO `jbpm4_hist_actinst` VALUES ('30004', 'task', '1', '30001', 'task', 'qingjia.30001', '请假申请', '2018-03-30 18:09:51', '2018-03-30 18:09:51', '38', 'jbpm_no_task_outcome_specified_jbpm', '1', '30003');
INSERT INTO `jbpm4_hist_actinst` VALUES ('30006', 'task', '0', '30001', 'task', 'qingjia.30001', '部门经理审批', '2018-03-30 18:09:51', null, '0', null, '1', '30005');
INSERT INTO `jbpm4_hist_actinst` VALUES ('40004', 'task', '1', '40001', 'task', 'qingjia.40001', '请假申请', '2018-04-02 09:08:54', '2018-04-02 09:08:54', '48', 'jbpm_no_task_outcome_specified_jbpm', '1', '40003');
INSERT INTO `jbpm4_hist_actinst` VALUES ('40006', 'task', '0', '40001', 'task', 'qingjia.40001', '部门经理审批', '2018-04-02 09:08:54', null, '0', null, '1', '40005');
INSERT INTO `jbpm4_hist_actinst` VALUES ('50004', 'task', '1', '50001', 'task', 'qingjia.50001', '请假申请', '2018-04-02 09:52:10', '2018-04-02 09:52:10', '44', 'jbpm_no_task_outcome_specified_jbpm', '1', '50003');
INSERT INTO `jbpm4_hist_actinst` VALUES ('50006', 'task', '0', '50001', 'task', 'qingjia.50001', '部门经理审批', '2018-04-02 09:52:10', null, '0', null, '1', '50005');

-- ----------------------------
-- Table structure for `jbpm4_hist_detail`
-- ----------------------------
DROP TABLE IF EXISTS `jbpm4_hist_detail`;
CREATE TABLE `jbpm4_hist_detail` (
  `DBID_` bigint(20) NOT NULL,
  `CLASS_` varchar(255) NOT NULL,
  `DBVERSION_` int(11) NOT NULL,
  `USERID_` varchar(255) DEFAULT NULL,
  `TIME_` datetime DEFAULT NULL,
  `HPROCI_` bigint(20) DEFAULT NULL,
  `HPROCIIDX_` int(11) DEFAULT NULL,
  `HACTI_` bigint(20) DEFAULT NULL,
  `HACTIIDX_` int(11) DEFAULT NULL,
  `HTASK_` bigint(20) DEFAULT NULL,
  `HTASKIDX_` int(11) DEFAULT NULL,
  `HVAR_` bigint(20) DEFAULT NULL,
  `HVARIDX_` int(11) DEFAULT NULL,
  `MESSAGE_` longtext,
  `OLD_STR_` varchar(255) DEFAULT NULL,
  `NEW_STR_` varchar(255) DEFAULT NULL,
  `OLD_INT_` int(11) DEFAULT NULL,
  `NEW_INT_` int(11) DEFAULT NULL,
  `OLD_TIME_` datetime DEFAULT NULL,
  `NEW_TIME_` datetime DEFAULT NULL,
  `PARENT_` bigint(20) DEFAULT NULL,
  `PARENT_IDX_` int(11) DEFAULT NULL,
  PRIMARY KEY (`DBID_`),
  KEY `FK_HDETAIL_HVAR` (`HVAR_`),
  KEY `FK_HDETAIL_HPROCI` (`HPROCI_`),
  KEY `FK_HDETAIL_HTASK` (`HTASK_`),
  KEY `FK_HDETAIL_HACTI` (`HACTI_`),
  KEY `IDX_HDET_HVAR` (`HVAR_`),
  KEY `IDX_HDET_HACTI` (`HACTI_`),
  KEY `IDX_HDET_HTASK` (`HTASK_`),
  KEY `IDX_HDET_HPROCI` (`HPROCI_`),
  CONSTRAINT `FK_HDETAIL_HACTI` FOREIGN KEY (`HACTI_`) REFERENCES `jbpm4_hist_actinst` (`DBID_`),
  CONSTRAINT `FK_HDETAIL_HPROCI` FOREIGN KEY (`HPROCI_`) REFERENCES `jbpm4_hist_procinst` (`DBID_`),
  CONSTRAINT `FK_HDETAIL_HTASK` FOREIGN KEY (`HTASK_`) REFERENCES `jbpm4_hist_task` (`DBID_`),
  CONSTRAINT `FK_HDETAIL_HVAR` FOREIGN KEY (`HVAR_`) REFERENCES `jbpm4_hist_var` (`DBID_`)
) ENGINE=InnoDB DEFAULT CHARSET=utf8;

-- ----------------------------
-- Records of jbpm4_hist_detail
-- ----------------------------

-- ----------------------------
-- Table structure for `jbpm4_hist_procinst`
-- ----------------------------
DROP TABLE IF EXISTS `jbpm4_hist_procinst`;
CREATE TABLE `jbpm4_hist_procinst` (
  `DBID_` bigint(20) NOT NULL,
  `DBVERSION_` int(11) NOT NULL,
  `ID_` varchar(255) DEFAULT NULL,
  `PROCDEFID_` varchar(255) DEFAULT NULL,
  `KEY_` varchar(255) DEFAULT NULL,
  `START_` datetime DEFAULT NULL,
  `END_` datetime DEFAULT NULL,
  `DURATION_` bigint(20) DEFAULT NULL,
  `STATE_` varchar(255) DEFAULT NULL,
  `ENDACTIVITY_` varchar(255) DEFAULT NULL,
  `NEXTIDX_` int(11) DEFAULT NULL,
  PRIMARY KEY (`DBID_`)
) ENGINE=InnoDB DEFAULT CHARSET=utf8;

-- ----------------------------
-- Records of jbpm4_hist_procinst
-- ----------------------------
INSERT INTO `jbpm4_hist_procinst` VALUES ('30001', '0', 'qingjia.30001', 'qingjia-1', null, '2018-03-30 18:09:51', null, null, 'active', null, '1');
INSERT INTO `jbpm4_hist_procinst` VALUES ('40001', '0', 'qingjia.40001', 'qingjia-1', null, '2018-04-02 09:08:54', null, null, 'active', null, '1');
INSERT INTO `jbpm4_hist_procinst` VALUES ('50001', '0', 'qingjia.50001', 'qingjia-1', null, '2018-04-02 09:52:10', null, null, 'active', null, '1');

-- ----------------------------
-- Table structure for `jbpm4_hist_task`
-- ----------------------------
DROP TABLE IF EXISTS `jbpm4_hist_task`;
CREATE TABLE `jbpm4_hist_task` (
  `DBID_` bigint(20) NOT NULL,
  `DBVERSION_` int(11) NOT NULL,
  `EXECUTION_` varchar(255) DEFAULT NULL,
  `OUTCOME_` varchar(255) DEFAULT NULL,
  `ASSIGNEE_` varchar(255) DEFAULT NULL,
  `PRIORITY_` int(11) DEFAULT NULL,
  `STATE_` varchar(255) DEFAULT NULL,
  `CREATE_` datetime DEFAULT NULL,
  `END_` datetime DEFAULT NULL,
  `DURATION_` bigint(20) DEFAULT NULL,
  `NEXTIDX_` int(11) DEFAULT NULL,
  `SUPERTASK_` bigint(20) DEFAULT NULL,
  PRIMARY KEY (`DBID_`),
  KEY `FK_HSUPERT_SUB` (`SUPERTASK_`),
  KEY `IDX_HSUPERT_SUB` (`SUPERTASK_`),
  CONSTRAINT `FK_HSUPERT_SUB` FOREIGN KEY (`SUPERTASK_`) REFERENCES `jbpm4_hist_task` (`DBID_`)
) ENGINE=InnoDB DEFAULT CHARSET=utf8;

-- ----------------------------
-- Records of jbpm4_hist_task
-- ----------------------------
INSERT INTO `jbpm4_hist_task` VALUES ('30003', '1', 'qingjia.30001', 'jbpm_no_task_outcome_specified_jbpm', 'root', '0', 'completed', '2018-03-30 18:09:51', '2018-03-30 18:09:51', '32', '1', null);
INSERT INTO `jbpm4_hist_task` VALUES ('30005', '0', 'qingjia.30001', null, '张三', '0', null, '2018-03-30 18:09:51', null, '0', '1', null);
INSERT INTO `jbpm4_hist_task` VALUES ('40003', '1', 'qingjia.40001', 'jbpm_no_task_outcome_specified_jbpm', 'root', '0', 'completed', '2018-04-02 09:08:54', '2018-04-02 09:08:54', '41', '1', null);
INSERT INTO `jbpm4_hist_task` VALUES ('40005', '0', 'qingjia.40001', null, '张三', '0', null, '2018-04-02 09:08:54', null, '0', '1', null);
INSERT INTO `jbpm4_hist_task` VALUES ('50003', '1', 'qingjia.50001', 'jbpm_no_task_outcome_specified_jbpm', 'admin', '0', 'completed', '2018-04-02 09:52:10', '2018-04-02 09:52:10', '36', '1', null);
INSERT INTO `jbpm4_hist_task` VALUES ('50005', '0', 'qingjia.50001', null, '张三', '0', null, '2018-04-02 09:52:10', null, '0', '1', null);

-- ----------------------------
-- Table structure for `jbpm4_hist_var`
-- ----------------------------
DROP TABLE IF EXISTS `jbpm4_hist_var`;
CREATE TABLE `jbpm4_hist_var` (
  `DBID_` bigint(20) NOT NULL,
  `DBVERSION_` int(11) NOT NULL,
  `PROCINSTID_` varchar(255) DEFAULT NULL,
  `EXECUTIONID_` varchar(255) DEFAULT NULL,
  `VARNAME_` varchar(255) DEFAULT NULL,
  `VALUE_` varchar(255) DEFAULT NULL,
  `HPROCI_` bigint(20) DEFAULT NULL,
  `HTASK_` bigint(20) DEFAULT NULL,
  PRIMARY KEY (`DBID_`),
  KEY `FK_HVAR_HPROCI` (`HPROCI_`),
  KEY `FK_HVAR_HTASK` (`HTASK_`),
  KEY `IDX_HVAR_HTASK` (`HTASK_`),
  KEY `IDX_HVAR_HPROCI` (`HPROCI_`),
  CONSTRAINT `FK_HVAR_HPROCI` FOREIGN KEY (`HPROCI_`) REFERENCES `jbpm4_hist_procinst` (`DBID_`),
  CONSTRAINT `FK_HVAR_HTASK` FOREIGN KEY (`HTASK_`) REFERENCES `jbpm4_hist_task` (`DBID_`)
) ENGINE=InnoDB DEFAULT CHARSET=utf8;

-- ----------------------------
-- Records of jbpm4_hist_var
-- ----------------------------

-- ----------------------------
-- Table structure for `jbpm4_id_group`
-- ----------------------------
DROP TABLE IF EXISTS `jbpm4_id_group`;
CREATE TABLE `jbpm4_id_group` (
  `DBID_` bigint(20) NOT NULL,
  `DBVERSION_` int(11) NOT NULL,
  `ID_` varchar(255) DEFAULT NULL,
  `NAME_` varchar(255) DEFAULT NULL,
  `TYPE_` varchar(255) DEFAULT NULL,
  `PARENT_` bigint(20) DEFAULT NULL,
  PRIMARY KEY (`DBID_`),
  KEY `FK_GROUP_PARENT` (`PARENT_`),
  KEY `IDX_GROUP_PARENT` (`PARENT_`),
  CONSTRAINT `FK_GROUP_PARENT` FOREIGN KEY (`PARENT_`) REFERENCES `jbpm4_id_group` (`DBID_`)
) ENGINE=InnoDB DEFAULT CHARSET=utf8;

-- ----------------------------
-- Records of jbpm4_id_group
-- ----------------------------

-- ----------------------------
-- Table structure for `jbpm4_id_membership`
-- ----------------------------
DROP TABLE IF EXISTS `jbpm4_id_membership`;
CREATE TABLE `jbpm4_id_membership` (
  `DBID_` bigint(20) NOT NULL,
  `DBVERSION_` int(11) NOT NULL,
  `USER_` bigint(20) DEFAULT NULL,
  `GROUP_` bigint(20) DEFAULT NULL,
  `NAME_` varchar(255) DEFAULT NULL,
  PRIMARY KEY (`DBID_`),
  KEY `FK_MEM_GROUP` (`GROUP_`),
  KEY `FK_MEM_USER` (`USER_`),
  KEY `IDX_MEM_GROUP` (`GROUP_`),
  KEY `IDX_MEM_USER` (`USER_`),
  CONSTRAINT `FK_MEM_GROUP` FOREIGN KEY (`GROUP_`) REFERENCES `jbpm4_id_group` (`DBID_`),
  CONSTRAINT `FK_MEM_USER` FOREIGN KEY (`USER_`) REFERENCES `jbpm4_id_user` (`DBID_`)
) ENGINE=InnoDB DEFAULT CHARSET=utf8;

-- ----------------------------
-- Records of jbpm4_id_membership
-- ----------------------------

-- ----------------------------
-- Table structure for `jbpm4_id_user`
-- ----------------------------
DROP TABLE IF EXISTS `jbpm4_id_user`;
CREATE TABLE `jbpm4_id_user` (
  `DBID_` bigint(20) NOT NULL,
  `DBVERSION_` int(11) NOT NULL,
  `ID_` varchar(255) DEFAULT NULL,
  `PASSWORD_` varchar(255) DEFAULT NULL,
  `GIVENNAME_` varchar(255) DEFAULT NULL,
  `FAMILYNAME_` varchar(255) DEFAULT NULL,
  `BUSINESSEMAIL_` varchar(255) DEFAULT NULL,
  PRIMARY KEY (`DBID_`)
) ENGINE=InnoDB DEFAULT CHARSET=utf8;

-- ----------------------------
-- Records of jbpm4_id_user
-- ----------------------------

-- ----------------------------
-- Table structure for `jbpm4_job`
-- ----------------------------
DROP TABLE IF EXISTS `jbpm4_job`;
CREATE TABLE `jbpm4_job` (
  `DBID_` bigint(20) NOT NULL,
  `CLASS_` varchar(255) NOT NULL,
  `DBVERSION_` int(11) NOT NULL,
  `DUEDATE_` datetime DEFAULT NULL,
  `STATE_` varchar(255) DEFAULT NULL,
  `ISEXCLUSIVE_` bit(1) DEFAULT NULL,
  `LOCKOWNER_` varchar(255) DEFAULT NULL,
  `LOCKEXPTIME_` datetime DEFAULT NULL,
  `EXCEPTION_` longtext,
  `RETRIES_` int(11) DEFAULT NULL,
  `PROCESSINSTANCE_` bigint(20) DEFAULT NULL,
  `EXECUTION_` bigint(20) DEFAULT NULL,
  `CFG_` bigint(20) DEFAULT NULL,
  `SIGNAL_` varchar(255) DEFAULT NULL,
  `EVENT_` varchar(255) DEFAULT NULL,
  `REPEAT_` varchar(255) DEFAULT NULL,
  PRIMARY KEY (`DBID_`),
  KEY `FK_JOB_CFG` (`CFG_`),
  KEY `IDX_JOBRETRIES` (`RETRIES_`),
  KEY `IDX_JOBDUEDATE` (`DUEDATE_`),
  KEY `IDX_JOBLOCKEXP` (`LOCKEXPTIME_`),
  KEY `IDX_JOB_CFG` (`CFG_`),
  KEY `IDX_JOB_EXE` (`EXECUTION_`),
  KEY `IDX_JOB_PRINST` (`PROCESSINSTANCE_`),
  CONSTRAINT `FK_JOB_CFG` FOREIGN KEY (`CFG_`) REFERENCES `jbpm4_lob` (`DBID_`)
) ENGINE=InnoDB DEFAULT CHARSET=utf8;

-- ----------------------------
-- Records of jbpm4_job
-- ----------------------------

-- ----------------------------
-- Table structure for `jbpm4_lob`
-- ----------------------------
DROP TABLE IF EXISTS `jbpm4_lob`;
CREATE TABLE `jbpm4_lob` (
  `DBID_` bigint(20) NOT NULL,
  `DBVERSION_` int(11) NOT NULL,
  `BLOB_VALUE_` longblob,
  `DEPLOYMENT_` bigint(20) DEFAULT NULL,
  `NAME_` longtext,
  PRIMARY KEY (`DBID_`),
  KEY `FK_LOB_DEPLOYMENT` (`DEPLOYMENT_`),
  KEY `IDX_LOB_DEPLOYMENT` (`DEPLOYMENT_`),
  CONSTRAINT `FK_LOB_DEPLOYMENT` FOREIGN KEY (`DEPLOYMENT_`) REFERENCES `jbpm4_deployment` (`DBID_`)
) ENGINE=InnoDB DEFAULT CHARSET=utf8;

-- ----------------------------
-- Records of jbpm4_lob
-- ----------------------------
INSERT INTO `jbpm4_lob` VALUES ('10009', '0', 0x3C3F786D6C2076657273696F6E3D22312E302220656E636F64696E673D225554462D38223F3E0A0A3C70726F63657373206E616D653D2271696E676A69612220786D6C6E733D22687474703A2F2F6A62706D2E6F72672F342E342F6A70646C223E0A2020203C7374617274206E616D653D227374617274312220673D223132352C35342C34382C3438223E0A2020202020203C7472616E736974696F6E206E616D653D22746F20E8AFB7E58187E794B3E8AFB72220746F3D22E8AFB7E58187E794B3E8AFB72220673D222D36392C2D3232222F3E0A2020203C2F73746172743E0A2020203C656E64206E616D653D22656E64312220673D223232362C3435372C34382C3438222F3E0A2020203C7461736B206E616D653D22E8AFB7E58187E794B3E8AFB72220673D223132332C3135302C39322C3532222061737369676E65653D22237B666F726D2E6170706C696361746F727D223E0A2020202020203C7472616E736974696F6E206E616D653D22746F20E983A8E997A8E7BB8FE79086E5AEA1E689B92220746F3D22E983A8E997A8E7BB8FE79086E5AEA1E689B92220673D222D39332C2D3232222F3E0A2020203C2F7461736B3E0A2020203C7461736B206E616D653D22E983A8E997A8E7BB8FE79086E5AEA1E689B92220673D223135302C3237312C39322C3532222061737369676E65653D22E5BCA0E4B889223E0A2020202020203C7472616E736974696F6E206E616D653D22746F20E680BBE7BB8FE79086E5AEA1E689B92220746F3D22E680BBE7BB8FE79086E5AEA1E689B92220673D222D38312C2D3232222F3E0A2020203C2F7461736B3E0A2020203C7461736B206E616D653D22E680BBE7BB8FE79086E5AEA1E689B92220673D223137332C3336312C39322C3532222061737369676E65653D22E78E8BE4BA94223E0A2020202020203C7472616E736974696F6E206E616D653D22746F20656E64312220746F3D22656E64312220673D222D35302C2D3232222F3E0A2020203C2F7461736B3E0D0A3C2F70726F636573733E, '10008', 'qingjia.jpdl.xml');
INSERT INTO `jbpm4_lob` VALUES ('10010', '0', 0x89504E470D0A1A0A0000000D494844520000043A0000022C08020000009C105E5200003B4649444154789CEDDD7F7094E761E8FB33D33FF35F3A99E975CF747273A633B7EECDA93B674EC699E9B943E7E48E4F67EEAD9B93B66E736E4FD2BA35DC53A789D390A4691C1350821CE46BC5264110BB16B10CB20D16B1712C1C283F84116040B6014B18E1C5604501047B24108B908CEFB3FB4AAB9576F513A4F7DDD5E733EFC0EADDF7C7B3FBD77EE779DFDD7FF32100004022FD9BB807000000509A5C010000124AAE00000009255700008084922B00004042C915000020A1E40A00009050720500004828B902000024945C010000124AAE00000009255700008084922B00004042C915000020A1E40A00009050720500004828B902000024945C010000124AAE00000009255700008084922B00004042C915000020A1E40A00009050720500004828B902000024945C010000124AAE00000009255700008084922B00004042C915000020A1E40A00009050720500004828B902000024945C010000124AAE00000009255700008084922B00004042C915000020A1E40A00009050720500004828B902000024945C010000124AAE00000009255700008084922B00004042C915000020A1E40A00009050720500004828B902000024945C010000124AAE00000009255700008084922B00004042C915000020A1E40A00009050720500004828B902000024945C010000124AAE948D1B376E7C90333434343881F054B44DD838EEF10200C0CD922B65200A955023030303994CA6BFBFFFCA952B978B8495E1A9B041D82C6C2C5A000028777225D1F2A172EDDAB550232FB5AEFEDE537FF9FF7EFF3FFCE5377FEBBF7EF5637FF2955F0F4B7810FE0C2BC3532FEE5B7DF1E2C5DEDEDEB071D845B4000050D6E44A4215864ADFE5DED59BEEFFBBE5FFFECF97DEF63F56FEC71F3CFDDF37EFA939927AE59757DAC3121E843FC3CAF054D8206C1636FED5B9EE743A2D5A0000286B722589A256B97EFDFAD5AB571BB62DBB6FC5EFFDF543B7FFF0D9C527CEED4B0F9D9964091B84CDC2C66197A7B72D3B7FFE7C6F6F6F38483894620100A0ECC895C4895A656060A0BFBFBFEA5FFEFCF3FFF4F1DAC6FB26AF94E225EC12760CBB7775755DBA74291C2A1C50B10000505EE44AB2E45BA5BB27F5F5C7FECFFB1FBEB3E5ED6767DA2AD112760CBB8783BC933ADAD3D373F9F265C502004079912B09926F9590162133BEF9F85DE732EFCCAE55A225EC1E0E120EF5DE7BEF5DB87041B10000505EE44A8244F7ABF4F7F7AF78F2CFEE7FF8CE9B6C957CB1844385038662E9E9E909078FEE6389FBB50200C0D4E44A52DCB871637070F0EAD5ABEB9BBFFDF97FFAF8ACAF012B7955583860FD2BDF3E73E6CCA54B97C229C2894CB00000907C7225293EF8E0836BD7AEA5FFE7C5BF5BF17BD3BDB77E700677DE87C3BEDD7EACABABABB7B7379CC8040B0000C9275712219A5AB972E54AED738BFFFAA1DFE91938D533F0EE85EBA7C2D213FE1D7837FBE740F641F6F1F568094FBD9B5B93DD38EC7221FC793DDA20BB6376FDF59195D7DF0D870D07EFECEC3C7FFE7C389109160000924FAE24C2F0D44A3AFDB7DFFDDF1FD9786FF7D5F65F162CE1CFEEFEDCBFD19FFDB9F5D19AFE8EEEAB1DDD239B8D6E7F75789BFC9FE1B0E1E0478F1E3D7BF66C389109160000924FAEC42F3FB5F2DCCE1FFCD9D2DB0E9DFEF9E9DEB6DCF246F8F7BDE8715FF641F4F8BDBEB6E10DFADE88B6399D5DF3C67BD96574E3FC06EFE57639947A391C7CE38E95274F9E34C102004059902BF18BBEBCB8B7B777D94F3EBBF87BBF7FA267DF898BADEF444BCFBE6839D1131E476B5A4F6497DCCA8BB9C7B92D73FFEECBADCFFD997F36FA333C75715F38F8433FF9ECB163C7DE7FFFFD70BAE84B8DE37EF500003021B912BFD00C994CE6E2C5EC4DF6A1588EFEEA5F8F76E7965FFDEB5B234B6EE58EB0F2ADEE7F1DDEE0573B8E46EBA307DDB9CD721B64771979707474F77F0DAD124E71F8F0E1542A154E174E2A5700004832B912BFA1A1A1FEFEFE0B172EDCF38D7F5BF7D2570F9DFDF9A1B32FE7FECD2E87A30767F22BC3BF2F1FCEAD391C1E47EBCF44DBE4F71A5953B0326C1C0E1E4E71E0C081CECECE70BA70D270EAB85F3D00004C48AEC42FBA71E5DCB9739F7DE0632FECFFFFF6BDFBC2BE54D3BE779B5A53A34B764DEA85D6D40BD1837DC32B5F081BE736889E8AFE8C96E1CDF25B8695E1E0E114AFBDF6DA891327C2E9A2DB57E27EF500003021B912BFD00C972F5FEEEEEEFE93AFFCFAF6B7D7EFE97C362C2DB97F871F9C8CFE7C2EF7E7732D279F1BFB6C589F5D13AD6C3999DFFDB9E13FB3DB6737D8717C7D38454B4B4B7B7B7B385D38A95C010020C9E44AFC0A73E517C7FE65D73B1B77BDB36164D938E6CF93D93F77BFB361F7C90DD1835D273764FF8C560E6F3FF2ECC90D85C709DBBC7AECA9708A3D7BF6C8150000CA825C895F3E573EFBC0C79E7BAD3A9B1927370EB7C7C92842428144DDB27124543646CF468F875B65A44F768F94CCF036C3FB6E78766F753845C895B7DF7E5BAE0000907C72257EF95CB9E7EBFFF6F1A6BF8FAEE36AE9CC5FE2357C29577425D89ECED12BC1F21BEC19DD2CDA20BF3C5BF0E0D970F0700AB9020040B9902BF1CBE7CADF2EFFE43FD7FD5F8577D8B79E1E73C37DE93593AF2F58C2C1C3295C0C060040B9902BF1CBE7CA8375FFF7DFADF8F7F9AF308EBEC5F870FEBB8CF38FDF1F5D7F78FC66AF1CCE2E3F1FBFE47609070FA770AB3D0000E542AEC42FFF45C64FBFBAECCFBEF6BFECEED878F4573B477E0272783956F0EFC8B33B8FE537E8DE39BACBC84F4C8EFC9AE4CE68CD9EF68DE1E0F5AF7CC717190300502EE44AFCF23F13D9D9D9F937CB7EB7FAE9FFE79D9ED6772E8E2C3DC3CB898B052B0B9F2DFA33DAF244C153614D386C38F82BAFBCE267220100281772257E1F7CF0412693B978F1622A95AAD9F0D75FFCCEFF76BAEF8DF77ADBDEEB7BE374F8B7B7ED74EF1BD9C7D965E4CFDCB3C32BC39ABE68C9AE19DE31FBE08DE808B983BC110E1B0EBE7DFBF6C3870F871385D385938653C7FDEA0100604272257EA1190606067A7B7BDF7FFFFDA347DFFCDBE59F0C5DF1CBABEDDD57DBF3FFFE72F871C7F09FFD1DD153DDC31B748C3CEE18DD265AD99F5D1F0E180EFBD2D617F7ECD973ECD8B170A270BA7052B902004092C995F8DDB87123BA7DE5FCF9F3274F9EFCC94B4B3FFF4F1FDF7D74C38581533DD7DFBD30F06E4F58AE9FCAFE3B70EAC2F5E8F1A9ECBFD74F0D3F3BF0EE85DC96D95DA28DB3CBBBB9E5D4EE631BC201D7BDB874DBB66D070F1E0CA708278A6E5C09A78EFBD50300C084E44A227CF0C107D7AE5D4BA7D367CF9E3D7AF4E8779FF8DCFD0FDF792EF34E7AE8CC4D2EE120E150E1802FBDF4D29E3D7BC2C1C329C289C2E94CAD000090707225110A27583A3B3B0F1D3AB4F487FFF99B8FDF55AA58DE9B51AB84838443353535EDD8B1231C361CDCD40A0000E542AE244534C1D2DBDBDBD5D5D5DEDEDE72707BC88CFB1FBEB3E5ED676733AF327826EC18760F07F9D92BCFBEFAEAABFBF7EF0F870D070FA730B502004059902B49114DB05CBD7AF5D2A54B67CE9C397EFCF8BE7DFB963FF1B9CFFFD3C76B1BEF9B69AE845DC28E61F7175E7861DBB66DE150E180E1B0E1E0E114A6560000280B7225413EF8E083EBD7AFF7F7F7F7F4F4BCF7DE7BC78E1D0B99F1E4D66FFCDD8ADFFBEB876EFFE1B38B4F9CDB3779A5840DC26661E3B0CB132F7DA3A9A9E9D5575F0D0709870A070C870D070FA730B502004059902B0972E3C68DE84B8D2F5FBE7CE1C2851018C78F1FDFBF7FFF8E7FDD5EFBECE2BF5DFEC93F5F7ADBFF58F91F7FF0F47FDFBCA7E648EA955F5E690F4B7810FE0C2BC3536183B059D878F30B9B5E7AE9A51D3B7684DDC341C2A1C201C361A32F2F36B502004059902BC952582C3D3D3D67CE9C696F6F3F74E8D09E3D7BB66DDBB671FBF7573CF9E74BBEF71FFEF29BBFF55FBFFAB13FF9CAAF87253C087F8695E1A9B0C1E6CD9B43A8848DC32E61C7B07B38483894560100A0ECC895C4C9174B7F7FFFA54B97BABABA3A3B3B8F1E3D7AF0E0C15020DBB76F7FE59557B66EDD1A9AE4C5175FFC594E7810FE0C2BC3536183B059D838EC12760CBB8783844369150000CA8E5C49A2A858AE5FBF7EF5EAD5DEDEDEF3E7CF9F3D7BF6E4C993C78E1D3B7CF8F08103075E7BEDB59696963D05C29F6165782A6C10360B1B875DC28E61F77090E87E15AD02004079912B091515CBE0E0E0B56BD7AE5CB9924EA7437BBCFFFEFBA954AAB3B3F3C48913ED396FE7448FC3CAF054D8206C16360EBB841DC3EEE1205A050080722457126D5CB4F4F6F65EBC78F1C2850BE7CE9DEB2E125686A7C2066133A102004005902B65201F2D030303994CA6BFBF3FD4C8E5226165782A6C1036132A00005400B95236A26809868686064B79F1C517A39FAB172A00005406B95239EAEBEB53A954DCA30000805B46AE548EE6E6E6D6D6D6B847010000B78C5CA91C478F1EDDB46953DCA30000805B46AEDC8C8EA6A68EB16B7AF6AE19BF6ADECE75E1C285D5AB57CFC9C90100200E72E5A6846258B3B727FCBBAC94F0547EABA6A6FC36631E0F6F5274CCD99DABBABA3A93C9CCF5AB060080F921576E52CFDEA6C2B62835BB92EB8C8EE1270A63A474984C942BD33997BBED0100A82472A55076EA6236D7724D30E5111D2A3F2B3271AE4C3465526A0266D2736DDFBEBDA5A5E5E6DE040000480AB9526846B932DC0D636BA278C6A3A329B7CD049591CF95D1C394FA639AE7FAB0BDBDBDB1B171DAAF170000124DAE8C6A1A3FA1D131BA66A28AE968CA5DE735E1C448F4DC34665726CF95699D2B6C924EA76B6B6BE7EA0D020080F925570A15CEAE0CCF8A7C38FA57A962C926444FF4FCD8A7879FE8D89B2D8C825C99F0BC535F0C36D5B922EEB60700A062C8954205B9129A60CDB8FBDA4BF54A41424C9419E3BFD1ABF08BC1A67B31D874CF153434349C3C79F2D6BE2F0000100BB95268F25C29F57D5DD398F1E8299A5D19792EBF6EC6B932C9EC8ABBED0100A81872A5D0A4178395FC76E16C29EC0DF9D034FDD9957086EC1F6BD6AC29DC649A17834D71AE0FDD6D0F004005912B638CFD06AEA96FB5CF6D9F7D6A46B32B2347CEAF98D6ECCA74CE155CBE7CB9A6A666B66F00000024885CB935461362A471C67DFF57C13783E54325B769D1A4CDC43F1339F5B922215742B4DC9A17060000F1912B15A8B1B1B1BDBD3DEE510000C0CD922B1568674EDCA30000809B25572A90BBED0100A80C72A502653299EAEAEAB847010000374BAE54A6DADADA743A1DF7280000E0A6C895CAE46E7B00002A805CA94C2D2D2DDBB76F8F7B1400007053E44A653A79F264434343DCA30000809B22572A93BBED0100A80072A562B9DB1E00807227572AD6A64D9B8E1E3D1AF728000060F6E44AC56A6D6D6D6E6E8E7B140000307B72A562A552A9FAFAFAB847010000B327572A96BBED0100287772A592AD5EBDFAC2850B718F0200006649AE54B22D5BB6B4B5B5C53D0A00009825B952C9DC6D0F004059932B95ECECD9B34F3CF144DCA300008059922B956C7070B0AAAA2AEE510000C02CC9950A575757D7DDDD1DF72800006036E44A8573B73D0000E54BAE543877DB030050BEE44A85EBEEEEAEABAB8B7B140000301B72A5C20D0E0E565757877FE31E080000CC985CA97CEEB60700A04CC995CAB775EBD6D75F7F3DEE510000C08CC9950A974EA79F7BEEB9DADADABABABA1FFCE0078D8D8D718F080000A64BAE54B2871F7E78598175EBD6B9ED1E00803222572AD9FEFDFB57AC5891CF958D1B37EEDCB933EE410100C074C9950AF7E31FFF389F2B4F3EF9642A958A7B440000305D72A5C25DBE7CF9FBDFFF7E68959A9A9AEAEAEAB8870300003320572ADFFEFDFB972F5F5E5B5BBB69D3A6B8C70200003320571684C71E7B6CC58A156D6D6D710F0400006640AE2C08972F5F5EBE7C79F837EE810000C00CC815000020A1E40A00009050720500004828B902000024945C010000124AAE00000009255792EBC68D0F5F7EF3CC77B61C5A54B3352CBFB6645DC2973B576E09E3FC7263EB33FB3BFB0786E27EFF0000287B7225892E5E19F8C6A6831F7DA03EF602B999E50B4FEDEA3CD717F77B09004019932B89D3B0BFF3B6A50DD127FE3B566C7EB0E9D0B6A3BF0CCBA5BEA1AB990F93BC44E35CB5EDADFC5CD047BEF4E477B61CBA7123EEF7140080F2245712247CACFF72636BF441FFAE1FBED2763A1D7B81CC7A69EFEABB67ED8EE8B5DCFDE3572F5E1988FBDD0500A0FCC89504895AE5235F7AF2F1ED6FC7DE1BB76ABE25BAA46D51CD56732C0000CC945C498A86FD9D51AB848FF8B167C62D5CDA4EA7A36BDBBEB1E960DCEF3100006546AE24C2FB97FAA3CFF4EB769F883D306EF9B2BBE35CC8B0F0EA0E9FEE89FB9D0600A09CC89544882E03BBFB47AFC69E1673B43CD87428BA242CEE771A0080722257E2D73F30144D3E94F5BDF5932F97FA86A2E9A323EF9960010060BAE44AFC361F4E45330FB147C59C2EF73DDD125EE6433F3B14F7FB0D0040D9902BF15BD290FD1CBF626B5BEC4531A7CB8B47CE8497F9FB559BE37EBF0100281B72257ED18F2A56D81782152FDDE981F0326F5BDA10F7FB0D0040D9902BF1FBC4B73686CFF1ED5D7DB117C55C2FD12D3A71BFDF0000940DB912BFE8A7DF2FF50D4DFB73FFFE95D5FBC7AEE9DAB0B866CF9C34C6AD3C975C01006046E44AFCA25C99D1E7FECE8D4BEEDBD815FE5D544A786AA42B96ACACCE6F33E6F186774B1F73B6E79AD612BDD2B8DF6F0000CA865C89DF2C72259B22D5CF774E3EE3F1EEF3F72D7E7ECFC6252B5B86D36524510A1F4F9D2BD33A975C0100600EC895F8CD2A574682A4D48C47AE4F46674526CE95F0A0E49449CEE2C24499E25C72050080B92057E237C35C196E8CB13321C5331EFB57E6B699E022AE7CAE8C4EB38C995DC9CDCC744EF75C72050080392157E2379BD995969AFB36EE9F706E24770DD8A2915C99747665F25C99D6B93AA73D6CB90200C08CC895F8CD3657B269B1A77ADCE558FB57E6FA61CFC66CB114E4CA6413355374C854E732BB0200C01C912BF1BBC95C992833C67FA3D7E29A95A37132D3D99529CE25570000980B72257E7331BB7275FCADF61FE636CE574A74F3C98C73C5EC0A0000F349AEC46FB6B9F2FCCA45352BA73FBBB2A8664FF6DBBD96DCB7B8F08759A67931D814E7922B0000CC05B912BFD9FD4C64363F6638BB127D5D58B4E348AE4C3DBB329D73C9150000E6825C89DFEC7F77A530215A6AA2098F7C7214FDEE4A3E5472D152541A13FF4CE4D4E7922B0000CC05B912BF9BC995F25AE40A0000332257E227570000A024B912BFDB9636840FF1ED5D7DB1E7C45C2FD12B8DFBFD0600A06CC895F8DDB9724BF810BFBBE35CEC3931D74B78991F7DA03EEEF71B0080B22157E2F717EB7684CFF1EB769F883D27E6743970AA27BCCCDB1F7A2EEEF71B0080B22157E2F7A39D6F87CFF1F7ACDD117B51CCE9F260D3A1F0329734B4C4FD7E03005036E44AFC4E9DEF0B9FE33FF2A52753E7FB638F8AB95BEE58B139BCCC97DF3A13F7FB0D0040D9902B8970F78F5F0D1FE5FF61636BEC513147CB4FF775861778DBD286AB034371BFD90000940DB99208874FF744132C074EF5C49E16B77CE94E0F44DF09F6A39D6FC7FD4E0300504EE44A527CE15F76850FF49FF8D6C60ABB24EC52DFD0A29AADE1A5DDB972CB8D1B71BFCB00009415B99214FD0343D1371ADFFED0736DA7D3B167C62D59BAD30351ABDCB6B4E1D4F9BEB8DF630000CA8C5C4990CE737D77546D8E7E9CE4F1ED6FC71E1B37B93CF77A2ABA062CBC9CC3EFF5C4FDEE0200507EE44AB2F45F1BBA27F7332CD134CB834D87CAEE6E96F6AEBE55DBDE8ABE072C2C21C0CCAB0000303B7225716EDCF870EB9B6742AB441FF7A3259AA648F8523CE6477EF196FB5500009835B99250E153FEE623A9250D2D65112A85CB471FA8FFE253BB9ED9DFE93B8B0100B849720500004828B902000024945C010000124AAE00000009255700008084922B00004042C915866DDDBA75707030EE510000C028B9C2B0FAFAFA542A15F728000060945C61D8CE9CB847010000A3E40AC352A9547D7D7DDCA300008051728561838383555555718F02000046C91546D5D5D5757777C73D0A000018265718D5DCDCDCDADA1AF728000060985C61547B7B7B636363DCA300008061728551994CA6BABA3AEE510000C030B9C218B5B5B5E9743AEE51000040965C618C2D5BB6B4B5B5C53D0A0000C8922B8C115A25144BDCA30000802CB9C218E974BAB6B636EE51000040965C61BCEAEAEA4C2613F728000040AE50A4B1B1B1BDBD3DEE510000805CB9793D7BD72C5BB3B767F8AF8EA66579C36BC3AADCA3EC86E335758C1E65F42025CF31BA4F5353D1718AF7CDEE923FFAF867724F8C9E328CB060D3D6D6D6E6E6E659BE1B000070EBC895D92B911F6BF6EE1DF9E43F120539637BA0C4DAFCC38EF129321A22F9238E6C3CBE3B8AF62DDD4653E54A7777775D5DDD2D7EB3000060E6E44AA189672426D0D194AF89E18FFCC3FF4D9402E3F62E9536130EA730574ACEAE148CA6E4C1C2DE05BB36ED2D1EE3C883AAAAAAC1C1C119BC1100003007E44AA119E7CA48058CAF93E28C2965346D46663B968D999019B7E394B32B45232B5D2F85E78B5A67CD9A68D0F9A99CFAFAFA542A35A3370200006E39B932AA69EC5CC5D8598CE2E428752B4AEEBE92A68EDC8EC37B4C992BA3C7193E6DB4223BF9317AE28EC2C1ED9DF8DE9589AF071B1D44C98BC1C6BEC49D39B7E03D0500809B20570A15CE6F643FC28FBD837E5AF32E8517788DDC5032E5C56063CB65EC9CC8E899A733BB5230AD5338BB32E66AB3E13E2A7531D888542A555F5F3F8D970B00007348AE142AC895822BA3C63F356ADC5C4676873109326EC578234F8D3FD7C4A39BE0EAB009475434BB32FCFCA4B7DA07838383555555538E080000E6945C293479AE1427C5988FF9E3EB64788F195C0C963D63716F144D9194BE0AADA3601045231E3FBB3261AE64F78FB6AAABABEBEEEE9ED1DB070000B7965C2934E9C56025264026C89591DF4519993A99C6C560259E2B3ADF70A694F866E331879CE9BD2BE14C6BD6145EC1166DD5DCDCDCDADA3AC1E80000603EC89531C616C1E4B7DA7F38D5C560F96DA6912B45293236577A0A6FBB2F5C5B9C2B339A5D199DD2197B574CD0DEDEDED8D8587AE00000302FE4CACD98F462B052DBE457154450AE1AA2B0287999D7B2E29B68A6DC6878C3D2BF753FB2EDD83BFDC767592693A9AEAE9EFD7B030000374DAE30A1DADADA743A1DF728000058B8E40A13DAB2654B5B5B5BDCA3000060E1922B4C28B44A2896B8470100C0C2255798503A9DAEADAD8D7B1400002C5C7285C9545757673299B8470100C0022557984C6363637B7B7BDCA300006081922B4CA6B5B5B5B9B939EE510000B040C91526D3DDDD5D575717F728000058A0E40A53A8AAAA1A1C1C8C7B1400002C44728529D4D7D7A752A9B8470100C042245798C2CE9CB8470100C042245798422A95AAAFAF8F7B1400002C447285290C0E0E565555C53D0A00001622B9C2D4EAEAEABABBBBE31E0500000B8E5C616ACDCDCDADADAD718F0200800547AE30B5F6F6F6C6C6C6B8470100C0822357985A2693A9AEAE8E7B1400002C38728569A9ADAD4DA7D3718F0200808545AE302D5BB66C696B6B8B7B1400002C2C72856909AD128A25EE510000B0B0C815A6259D4ED7D6D6C63D0A00001616B9C274555757673299B8470100C002225798AEC6C6C6F6F6F6B8470100C002225798AED6D6D6E6E6E6B8470100C002225798AEEEEEEEBABABAB8470100C00222579881AAAAAAC1C1C1B8470100C04221579881FAFAFA542A15F72800005828E40A33B03327EE510000B050C8156620954AD5D7D7C73D0A0000160AB9C20C0C0E0E565555C53D0A0000160AB9C2CCD4D5D5757777C73D0A00001604B9C2CC343737B7B6B6C63D0A00001604B9C2CCB4B7B7373636C63D0A00001604B9C2CC643299EAEAEAB8470100C082205798B1471F7DB4B9B9F9B1C71E33CD0200C09C922B4C572693D9B56B57A8946539D539710F0A00804A265798AE55AB562D2BB06EDDBABABABAB80705004025932B4C576767677575753E57D6AF5FEF62300000E6945C6106F6EEDDBB72E5CA7CAE343737C73D2200002A995C6166366FDEBC7CF9F2902B7575757E8005008039255798B1B56BD7865C79E49147DADBDBE31E0B0000954CAE3063994CA6A6A666C58A15DDDDDD718F0500804A2657988D743ABD7CF9F2D02D710F0400804A265700008084922B00004042C915000020A1E40A00009050720500004828B902000024945C59406EDCF8F0E537CF7C67CBA145355BC3F26B4BD6257CB973E59630CE2F37B63EB3BFB37F6028EEF70F0080F9265716848B5706BEB1E9E0471FA88FBD406E66F9C253BB3ACFF5C5FD5E0200307FE44AE56BD8DF79DBD286E813FF1D2B363FD87468DBD15F86E552DFD0D5CC87495EA271AEDAF6567E2EE8235F7AF23B5B0EDDB811F77B0A00C0BC902B952C7CACFF72636BF441FFAE1FBED2763A1D7B81CC7A69EFEABB67ED8EE8B5DCFDE3572F5E1988FBDD050060CEC9954A16B5CA47BEF4E4E3DBDF8EBD376ED57C4B7449DBA29AADE65800002A9E5CA9580DFB3BA356091FF163CF8C5BB8B49D4E47D7B67D63D3C1B8DF630000E6965CA94CEF5FEA8F3ED3AFDB7D22F6C0B8E5CBEE8E7321C3C2AB3B7CBA27EE771A00803924572A537419D8DD3F7A35F6B498A3E5C1A643D1256171BFD30000CC21B95281FA0786A2C987B2BEB77EF2E552DF50347D74E43D132C0000154BAE54A0CD8753D1CC43EC5131A7CB7D4FB78497F9D0CF0EC5FD7E03003057E44A055AD290FD1CBF626B5BEC4531A7CB8B47CE8497F9FB559BE37EBF0100982B72A502453FAA58615F0856BC74A707C2CBBC6D6943DCEF3700007345AE54A04F7C6B63F81CDFDED5177B51CCF512DDA213F7FB0D00C05C912B1528FAE9F74B7D43B1E7845C0100E066C8950A14E5CA984FF6EF3E7FDFA2251BDE1DFE734FF5A2BCFB36766557B6D42C5AFC7C67E6C3CE8D4B168D57B367F8385D1B168F1EA46809CF8EEEB3B2BAA6E838C5FB667759D952EA6861C0D5FBAFE6C6333AC2DC9AC2257AA571BFDF0000CC15B952810A73A5447E2C7E7E43F570248467476BA1540F5CCDEC5F99CF95FC062DE35364B8280A3223BFF1C8294652A768DF7186C723570000902B1569DCECCA9EEAFCB4C6707BEC89722524416E46654C934C982BA1374A6D939DB729585F982B2567575A6A46DBA66889DAA660F2A7664371AE14748B5C0100A86C72A502155D0C1695C6E8A55C51AE1467CC24B9523049B268CC84CCB81DA79C5D29EA93D2F55230BB323C81B37849F6802317ADC91500808540AE54A0825C19733F497ECA6265365742872C1A99A6983257468F335C17D94995B0FBF3D1FA28600A6645966CD838F1BD2B135F0F361A42252F061B1DB05C01005810E44A052A71ABFDD8654FC1BD2BB91898CEC56023132651A8144C710C874A1412D3995D29B81EAC707665CC8D34D1594A5E0C26570000160CB95281C6E64A6E1665EC14473E57B2CF66C3631AB932F62AAC09977CAE8CBD1D65CC3653CDAE0CCFD2B8D51E0060C1932B15A82857465324BA5F65345786EFB69FC1C560D96829EE8D7CC914DD7352E25AAF69CEAE4C982B5162C9150080CA27572AD0B47265E47751728530BD8BC14A5C545674F7FCF0455CA3EB6731BB52225742E144B7DA670ABFD04CAE00005438B95281667231D8944D52F054518A8CCD95AEC2DBEE27BF186C46B32BA3533ABEC818006081912B15680617834D9C2BA35FF3956D835C8A44731AC3D132DE98EF239E609BE2BB5F4A7E91719428D1FA31B7D9144DC2C8150080CA26572AD094DF0C56318B5C0100A86C72A502C91500002A835CA940B72D6D081FE2DBBBFA62CF89B95EA2571AF7FB0D00C05C912B15E8CE955BC287F8DD1DE762CF89B95EC2CBFCE803F571BFDF0000CC15B95281FE62DD8EF0397EDDEE13B1E7C49C2E074EF5849779FB43CFC5FD7E03003057E44A05FAD1CEB7C3E7F87BD6EE88BD28E67479B0E95078994B1A5AE27EBF0100982B72A5029D3ADF173EC77FE44B4FA6CEF7C71E1573B7DCB1627378992FBF7526EEF71B0080B922572AD3DD3F7E357C94FF878DADB147C51C2D3FDDD7195EE06D4B1BAE0E0CC5FD6603003057E44A653A7CBA279A603970AA27F6B4B8E54B777A20FA4EB01FED7C3BEE771A00803924572AD617FE6557F840FF896F6DACB04BC22EF50D2DAAD91A5EDA9D2BB7DCB811F7BB0C00C05C922B15AB7F6028FA46E3DB1F7AAEED743AF6CCB8254B777A206A95DB96369C3ADF17F77B0C00C0DC922B95ACF35CDF1D559BA31F27797CFBDBB1C7C64D2ECFBD9E8AAE010B2FE7F07B3D71BFBB0000CC39B952E1FAAF0DDD93FB1996689AE5C1A6436577374B7B57DFAA6D6F45DF0316961060E65500001608B952F96EDCF870EB9B6742AB441FF7A3259AA648F8523CE6477EF196FB550000160EB9B250844FF99B8FA49634B49445A8142E1F7DA0FE8B4FED7A667FA7EF2C06005868E40A00009050720500004828B902000024945C010000124AAE000000092557CA4ECFDE354D1DA37F76342D2BFC33DA60CDDE097F44313CBB2CAFA9A969D978C5FB667719778E7163193D65F170000060B6E44A39CA37C1B87419FB64C7F814190D91FC7E231B8FEF8EA27DC7193EEB54B9B275EBD6C1C1C1397C270000A86872254613CF5A4C64E28A1849915201537CAAC25C2979A48EA6C92768C2DE05BB36ED2DCE95DC83C6C6C6F6F6F699BC4200001825576234AB5C992046A25A2898ED28D8301B1663779B72766582E39778227FBEA875D6E44E1C0E9BDBA1B5B5B5B9B97926AF10000046C995D8348D9DCF183BD33141C54C912BA3F7A50C1F325A919DFC183D6847E189F74E7CEFCAC43339A34328793158C116172E5C58BD7AF52D7BCB00005860E44A8C0AE740B21FF34767308AE74346D74F7E31D848D244A132764E64F4A8D3995D29B81EAC707665CCD566C37D54EA62B011B5B5B5E9747AB66F1100000B9A5C895141AE8C5C3D55E2A942535D0C56749C89CF3CC1D56163CE35E9ECCAF0F3537D33D8962D5BDADADAA61C11000014932B319A3C5726CF8E921B147C497178B2B8378AA648C67CABF1B86BBDA639BB3261AE64F70FFF855609C5329BB7070080054FAEC468D28BC126BCE3BDF0BEFAD1898E49E2A6C4B77C0D674A896F362EDC6DC6F7AE8433AD59337ABD592E5732994C7575F50CDE150000182157E234B61AA6B8D57EA449C6CFAB8CDEAB325A31E36E6629DCBEA7F0B6FBC2B5C5B932A3D995D1299DB177C504757575DDDDDD337D73000040AE949FF157708D99235936365A26BC1CACD4814A6E34BCE144579E45EB0BDA6434BAF255D3DCDCDCDADA7ACBDF0700002A9E5C61CEA552A9FAFAFAB847010040F9912BCCB9C1C1C1EAEAEAF06FDC030100A0CCC815E6437D7D7D2A958A7B1400009419B9C27C686D6D6D6E6E8E7B1400009419B9C27CE8EEEEAEABAB8B7B1400009419B9C23CA9AEAECE6432718F02008072225798275BB66C696B6B8B7B1400009413B9C23C09AD128A25EE510000504EE40AF3249D4ED7D6D6C63D0A0000CA895C61FEAC5EBDFAC2850B718F020080B22157983FCDCDCDADADAD718F020080B22157983FEDEDED8D8D8D718F020080B22157983F838383D5D5D5E1DFB80702004079902BCCABFAFAFA542A15F7280000280F728579B53327EE510000501EE40AF3EAECD9B34F3CF144DCA30000A03CC815E65B7575752693897B1400009401B9C27C6B6C6C6C6F6F8F7B1400009401B9C27C7BFDF5D7B76EDD1AF728000028037285F9964EA71F7DF4D15DBB763DF6D8637E8605008049C815E64F2693892A65594E754EDC83020020B9E40AF367D5AA55CB0AAC5BB7AEAEAE2EEE410100905C7285F9D3D9D9595D5D9DCF95F5EBD7BB180C008049C815E6D5DEBD7B57AE5C19E5CAD34F3FDDDCDC1CF7880000482EB9C27CDBBC79F3F2E5CB43AEFCE4273F696D6D8D7B38000024975C21066BD7AE0DB9F2E8A38FFA011600002621578841269359B56A55555555777777DC63010020B9E40AF1E8E9E959B16245E896B80702004072C915000020A1E40A00009050720500004828B902000024945C010000124AAE00000009255798991B373E7CF9CD33DFD9726851CDD6B0FCDA9275095FEE5CB9258CF3CB8DADCFECEFEC1F188AFBFD03006006E40AD375F1CAC037361DFCE803F5B117C8CD2C5F786A57E7B9BEB8DF4B0000A645AE302D0DFB3B6F5BDA107DE2BF63C5E6079B0E6D3BFACBB05CEA1BBA9AF930C94B34CE55DBDECACF057DE44B4F7E67CBA11B37E27E4F0100988A5C610AE163FD971B5BA30FFA77FDF095B6D3E9D80B64D64B7B57DF3D6B7744AFE5EE1FBF7AF1CA40DCEF2E000093912B4C216A958F7CE9C9C7B7BF1D7B6FDCAAF996E892B645355BCDB1000024995C61320DFB3BA356091FF163CF8C5BB8B49D4E47D7B67D63D3C1B8DF63000026245798D0FB97FAA3CFF4EB769F883D306EF9B2BBE35CC8B0F0EA0E9FEE89FB9D0600A034B9C284A2CBC0EEFED1ABB1A7C51C2D0F361D8A2E098BFB9D0600A034B94269FD0343D1E44359DF5B3FF972A96F289A3E3AF29E0916008024922B94B6F9702A9A79883D2AE674B9EFE996F0321FFAD9A1B8DF6F00004A902B94B6A421FB397EC5D6B6D88B624E97178F9C092FF3F7AB36C7FD7E030050825CA1B4E847152BEC0BC18A97EEF4407899B72D6D88FBFD0600A004B942699FF8D6C6F039BEBDAB2FF6A298EB25BA4527EEF71B008012E40AA5453FFD7EA96F28F69C902B00000B965CA1B42857A6FAACDFB56171CD9ED13FF7AF5C54F867B4C1920DEF4EB2FBA2BC95D5358BC62BDE37BBCBCA9652477BF7F9FBAAF787079D1B97DCB7B12BBBA6A566516ECDE44BF44AE37EBF01002841AE50DAF472A53051C6A5CB876382A1657C8A0C17454166E4370EBD910B9291D429DA779CE17A912B00001547AE50DAD4B93271458CA448A98089BAA27012A630574ACEAEB4D48CB64DD112B5CD9EEAFC2E351B8A7365D26E912B0000892557286D5AB952AA01F2931B05932405976F659B646CC34C39BB32C1F127B9186CB89A162FC91E301C76F1F39D66570000CA905CA1B49BCE95D1FB5286EB223BA9B26851F5F3D1FA28600A6645966CD838F1BD2B13CFE48C8650C98BC1B2679CE27A30B9020090587285D26EC5C56023491385CAD8298E6CA84421319DD99582EBC10A675746B6CC5F6336C1C560720500A03CC9154ABBF98BC1A6BC0A6BFCC560054718FFDD5F53CDAE0CCFD2B8D51E00A0B2C8154A9BF637834D749349C19714876829EE8D7CC914DD7352E25AAF69CEAE4C982BFB574E1C4E72050020B1E40AA54D952B51A2E44365F47EFA3DD58B26F922AF3DD54561337C11D7E8FA59CCAE94C8955038D1ADF6D153720500A00CC9154A9B3C57469A64FCBC4A581FFA213B4F12E541518A8CCD95AEC2DBEE27BF186C46B32BA3533ABEC81800A09CC9154A9BE6C560E3AFE01A9DC4C8A5C8986899F88EFC89B729BEFBA5E4171947C388D647C9347C0D58F1248C5C0100281F7285D26672EF4A792F72050020B1E40AA5C915000062275728EDB6A50DE1437C7B575FEC3931D74BF44AE37EBF01002841AE50DA9D2BB7840FF1BB3BCEC59E1373BD8497F9D107EAE37EBF01002841AE50DA5FACDB113EC7AFDB7D22F69C98D3E5C0A99EF0326F7FE8B9B8DF6F00004A902B94F6A39D6F87CFF1F7ACDD117B51CCE9F260D3A1F0329734B4C4FD7E030050825CA1B453E7FBC2E7F88F7CE9C9D4F9FED8A362EE963B566C0E2FF3E5B7CEC4FD7E030050825C614277FFF8D5F051FE1F36B6C61E1573B4FC745F677881B72D6DB83A3014F79B0D0040097285091D3EDD134DB01C38D5137B5ADCF2A53B3D107D27D88F76BE1DF73B0D0040697285C97CE15F76850FF49FF8D6C60ABB24EC52DFD0A29AADE1A5DDB972CB8D1B71BFCB00004C40AE3099FE81A1E81B8D6F7FE8B9B6D3E9D833E3962CDDE981A8556E5BDA70EA7C5FDCEF31000013922B4CA1F35CDF1D559BA31F27797CFBDBB1C7C64D2ECFBD9E8AAE010B2FE7F07B3D71BFBB00004C46AE30B5FE6B43F7E47E86259A6679B0E950D9DDCDD2DED5B76ADB5BD1F7808525049879150080E4932B4CCB8D1B1F6E7DF34C6895E8E37EB444D314095F8AC7FCC82FDE72BF0A004059902BCC40F894BFF9486A49434B59844AE1F2D107EABFF8D4AE67F677FACE62008032225700008084922B00004042C915000020A1E40A00009050720500004828B9427918CC897B140000CC2BB94219D8BE7D7B5555D5C99327E31E080000F34AAE500642AE2C5BB66CCB962D710F040080792557280367CF9E0DB9525D5DED7A3000800545AE90301D4DCBD6ECED295ABD7AF5EA502C478F1E8D61480000C444AE9030E37225FCB96C5953C7873B77EE0C0F366DDA14E3D000009867728569EAD9BB269B0D736E3457B2675CB6A6A92977DE0B172E845CA9AAAA723D1800C0C2215798A6F9CF95F1E7753D1800C04223579896EC255991E196E8185D3361C58C6E331220B916D9DB3476E5B8A32D9B28575C0F0600B0D0C815A6A97076255B17A34D91FDABB8580A6749F2FB8EDC8932BC2EDA60CCFE630F3DE6BCF9EBC13299CC5CBC4200009246AE304D05B932F1F55AA3C6CE978C4C998C6B98A275531DFC89279E08876A6B6B9B8317080040E2C815A669F25C29FAEEE1D2DF477CB3B9D2D2D21272A5A1A1E196BC240000124EAE304D935E0C56BA4C0A2FF18A1E96CA95315B46DF063661AEA4D369D78301002C1C7285E9CA95C44C6EB51FDEA1708B92B932F69EFCBD63BFC878D9F8D3B81E0C0060E1902B9419D78301002C1C72853273F9F2E568B2253C887B2C0000CC2DB942F9A9AFAF0FB9F2FAEBAFC73D100000E6965CA1FC845009B912A225EE81000030B7E40AE5C7F56000000B845CA12CB91E0C006021902B94A5E87AB0279E7822EE8100003087E40A652993C9545555856249A7D3718F050080B9225728570D0D0D21575A5A5AE21E0800007345AE50AEDADADA5C0F060050D9E40AE5CAF5600000154FAE50C65C0F060050D9E40A65ECE8D1A3215756AF5E1DF74000009813728532363838185D0F76E1C285B8C70200C0AD2757286F9B366D0AB9B273E7CEB8070200C0AD2757286FAE070300A8607285F2E67A3000800A2657287BD1F560DBB76F8F7B200000DC627285B277F2E4C9902BB5B5B5710F0400805B4CAE50F6060707ABABAB43B19C3D7B36EEB10000702BC9152AC1962D5B5C0F06005079E40A95C0F56000001549AE50095C0F06005091E40A1562EBD6AD21577EF6B39FEDDAB5EBB1C71E6B6C6C8C7B440000DC2CB94225C86432D1ED2B91EA9CB8070500C0CD922B548255AB562D2BB06EDDBABABABAB8070500C0CD922B5482CECECEE8DE95C8FAF5EB5D0C06005001E40A1562EFDEBDDFFBDEF7A25C79FAE9A79B9B9BE31E110000374BAE5039366FDE1CE5CADAB56B5B5B5BE31E0E0000374BAE50516A6A6A42AEAC5AB5AABDBD3DEEB1000070B3E40A15E5D4A9532157BEFBDDEF767777C73D1600006E965CA1D21C3870E0D1471FCD6432710F0400809B255700008084922B00004042C915000020A1E40A0BC28D09C43D2E0000262357A84C518D7C9033343434383878BD4858199E8AB6512F0000092457A834F9500935D2DFDB77EAE0E1A3BFD8B9EB27EB77AE7D2A5AC29FEFEC3B90EEB9D8DFDF9FC964AE5DBB16A58B680100481AB942E5C8874AA894D77EBAF189CFDFFBB5DFFC9DAFFCFAFF5A72094FADFDD3BF0A1973AEABEBF2E5CB215D42B78816008044912B548828544272EC5CFBD483B77FAA304B1EFE4FFFA5F68F3ED770EFFD61090FC29F851913366EFEE19A9EF3178AA325EED70400B0D0C9152A41D42A5DC73BBEF7E9CF4411F2F5DFFADDA7BEB8F8CD9F3E93397972E8CC99714B587964FD86B041BE5B567CEA0F8FEF79EDE2C58B215A3299CCF5EBD7150B0040ECE40A652F6A95375E6A8EDAE3818FFDBBC6BFFFC774DB1BC59552BC84CD1AEEBD3FEC12CDC3EC7AE6D9F3E7CFF7F6F6F6F7F72B160080D8C915CA5BBE55A2E4F8DEA73FD3B5BB653AA152B89CDDB97BC5A7FE304A9D1DEB9FE9EEEE4EA7D38A0500207672853216B5CAD15FEC8C5A65ED9FFE55C94BBFA6B3841D57DFFD1751B1EC7AE659C50200900472857295BF5FE59B1FFF64C88CDA3FFADCF5D3A767D72AD112767FE4AECF46F7BD1CD9B547B10000C44EAE50AE423F643299E822AE6577FCC195E3C74B46C8F9FD0777AE7C64ED9FFED5E3777D365A1AEEBDFFC0EABA921B87832CFBE4A7A3039EE8E83877EE5C6F6F6F38CBE0E0A05C0100987F7285B2144DAD6C7BE4F190165FFD8DDF2E79BF4A688F502613FDEECA373FFEC99031C57B85438503860D7EFAEDE5A954EAFCF9F3972F5FBE76ED9A09160080F92757284BD16F41469781BDF8B57F2EAE8E33DB7746CF4EBEACFDD3BF2A9E9669FAF2D7A34BC2DE3A72241CE9E2C58BFDFDFDD18FB1C4FDBA01001616B942F989A65676FD647D14157D6F1E1D3875AA7049FDBC793AAD122D3FF8F467C6ED1E0E187D27F2F3DF5FD5D9D9D9DDDDDDDBDB6B82050060FEC915CA4F6886C1C1C1DA3FFA5C288A867BEFBF72FCF8B8E507233F1639CDE5C5AFFDF398231C3BFED4171767BF16F9FFF8A363C78E154EB0C8150080F92457283FD19560D19717BFD9B0217DE850FAD0EBB97F0FA55F7F7DDB832B66D42AD192FA7973D877F838AF1F7AF3A7CF445F6A7C68FF81CECECE73E7CE5DBE7C39FA8AB0B85F3D00C0022257283FA119DED97720FA1DFAF3BB778F5B1EBCFD53B3C895867BEF1F779CE886FB97D6379CE8E8E8EAEACA5F0F16F7AB07005840E40AE567686868DFB39B434B3CFC9FFECBFBCDAF6497579AA3E5C0EABA59B44A5842E49C7DF9E5EC41460EF8BDDC15658D35B585D7838553C7FDEA01001610B94299896E5CD9B9F6A9E87BBDDE7DE185C2E5C5AFFDF3EC72252CE30E15DD1BF3D36F2F7FF3CD3753A994DB570000E69F5CA1CC845AB87EFDFA8E354F869678E2F3F7BEB36143E1D2F0DFFE66D6B9F25A754DE1A1420B45B972E4C891CECECEF3E7CF47BF702F570000E68D5CA1CC8CCB95F6F5EB0B979BCC95C2438DCB95FCDDF672050060DEC815CA4C61AEACBEFB2FC6CDAE44BFF038BB65DCA1F21783C9150080B8C815CA4C942BF95BEDC7DD707233B7DA8F3BD48A4FFDE15772BF1429570000E22257283351AE1CDFF3DA57725F649CFD3AAFE8BBBC4696597E91F17FFB9BE1AF17CB7D2D58386CFE8B8CE50A00405CE40A6526CA9574CFC5E867220FACAE1BF77B29B3FB99C8775F78A1F020D12C4D38C5CE1D3BDC6A0F001017B9429989BEC83894C323777D3614C5535F5C9C7E3DFB3BF4FFB3E0DFEADC755CD35F9ABEFCF5DCEFD9E77ED23EF7E089CFDF1BD67FEFD39F79EDB5D77C913100405CE40AE5676868289443F30FD784A2F8FA6FFDEE85D6FD578E1F2F5C3AB7BCF4CD8F7F729AADF2C3FFFCC7578E8DD93D1CF06BBFF93BE1A927BFFEED902B7E261200202E7285F2F3C1071F5CBB76ED5C5757689510158D7FFF8F03A74E8D5B523F6F5EF6C94F4FD92AD9C999B637C6EDDB70EFFD51086D6F6E3E78F0607B7B7B5757576F6F6F38693875DCAF1E006001912B949F2857FA7BFB9EFFFEAAD0155FFD8DDF3EB37DE7D09933E3962BC78F4FF2BDC621660EACAE2BDE2B1C2ABAC9BEEEFE7F7CEDB5D70AEFB3972B0000F34CAE507EF2B7AF9CFFD5AFA2AF1B5E76C71F5C3976BCB83DA268D9B9F291867BEF7FFCAECF464B689823EB3794DEF8D8F1684EE6C1DB3FB573C78E83070F165E09E6C6150080792657283FA119A20996DEDEDEE3AD07A24BC21EB9EBB3D74F9F2E1921D35CC2EE0F7FE68FA3CBC05E5ADF10DD64DFD9D9D9DDDD9DBF124CAE0000CC27B942590AE570FDFAF5FEFEFE8B172FEE7B7673F4A5C6B57FF4B92BC74BCFB14CB9841DA3AF1A0B876AACA90DAD12DDB5929F5A09A773251800C03C932B94A5FC04CBE5CB97CF9F3FBFEB9967A36259F6C94F77ED6E9969AB845DA21F978C5A65CF9E3DD16560A9542A1C3C7FD78AA91500807926572857D11D2C994CA6B7B7F7DCB973A158A2ABC2BEFA1BBFFDD417174F742BCBB8A5EFCDA361E3E8DEFAB07B61AB4477D887838753B86B05002016728572154DB0449784A5D3E9EEEEEE23BBF62CBBE30FA22FFEFADA6FFECE139FBFF7C8FA0D03A74E15574A58199E0A1B44BFAF124DCBBCB4BEA1B055C201C361F39781C9150080F927572863C5C572A2A3E3F9EFAF2AFC8DC810242B3EF5878FDCF5D9A7BEB8382CE141F8335F29D1A4CA935FFFF6CE1D3BA2AF2DD62A0000C92157286FE38AE5DCB973A74F9F7EEBC891C69ADA5026D1555E2597F0D4C39FF9E39F7E7BF9F6E6E6E8C6FA37DF7CB3BDBD3DEC1E0EA25500009240AE50F60A8BA5B7B7F7FCF9F367CE9CE9ECEC3C76ECD8EBADFBB73FF3EC0B8FAF0959925FC29F2FAD6F88A653C20651A844932A61C7B07B38885601004802B94225C8174B2693B97CF9F2C58B17CF9D3B1745CB898E8E90226FE61C2910AD094F850DA25009BB841DC3EEE1205A05002009E40A15222A96C1C1C16BD7AEF5F7F7E7A3A5ABAB2BA4C8E9D3A753A9546781F06758199E0A1B44A1124DAA84DDC341B40A004012C8152AC78D9C71D11222E4D2A54BA146CEE79CCB891E8795E1A9B041D86C5CA86815008024902B549AC268B97EFD7AD42D91CB05F22BC3066133A1020090407285CA948F96606868284A9771C2CAF054B48D5001004820B9C282706302718F0B0080C9C815000020A1E40A00009050720500004828B902000024945C010000124AAE00000009255700008084922B00004042C915000020A1E40A00009050720500004828B902000024945C010000124AAE00000009255700008084922B00004042C915000020A1E40A00009050720500004828B902000024945C010000124AAE00000009255700008084922B00004042C915000020A1E40A00009050720500004828B902000024945C010000124AAE00000009255700008084922B00004042C915000020A1E40A00009050720500004828B902000024945C010000124AAE00000009255700008084922B00004042C915000020A1E40A00009050720500004828B902000024945C010000124AAE00000009255700008084922B00004042C915000020A1E40A000090507205000048A8FF1FCB04507B2C7E2E990000000049454E44AE426082, '10008', 'qingjia.png');

-- ----------------------------
-- Table structure for `jbpm4_participation`
-- ----------------------------
DROP TABLE IF EXISTS `jbpm4_participation`;
CREATE TABLE `jbpm4_participation` (
  `DBID_` bigint(20) NOT NULL,
  `DBVERSION_` int(11) NOT NULL,
  `GROUPID_` varchar(255) DEFAULT NULL,
  `USERID_` varchar(255) DEFAULT NULL,
  `TYPE_` varchar(255) DEFAULT NULL,
  `TASK_` bigint(20) DEFAULT NULL,
  `SWIMLANE_` bigint(20) DEFAULT NULL,
  PRIMARY KEY (`DBID_`),
  KEY `FK_PART_SWIMLANE` (`SWIMLANE_`),
  KEY `FK_PART_TASK` (`TASK_`),
  KEY `IDX_PART_TASK` (`TASK_`),
  CONSTRAINT `FK_PART_SWIMLANE` FOREIGN KEY (`SWIMLANE_`) REFERENCES `jbpm4_swimlane` (`DBID_`),
  CONSTRAINT `FK_PART_TASK` FOREIGN KEY (`TASK_`) REFERENCES `jbpm4_task` (`DBID_`)
) ENGINE=InnoDB DEFAULT CHARSET=utf8;

-- ----------------------------
-- Records of jbpm4_participation
-- ----------------------------

-- ----------------------------
-- Table structure for `jbpm4_property`
-- ----------------------------
DROP TABLE IF EXISTS `jbpm4_property`;
CREATE TABLE `jbpm4_property` (
  `KEY_` varchar(255) NOT NULL,
  `VERSION_` int(11) NOT NULL,
  `VALUE_` varchar(255) DEFAULT NULL,
  PRIMARY KEY (`KEY_`)
) ENGINE=InnoDB DEFAULT CHARSET=utf8;

-- ----------------------------
-- Records of jbpm4_property
-- ----------------------------
INSERT INTO `jbpm4_property` VALUES ('next.dbid', '6', '60001');

-- ----------------------------
-- Table structure for `jbpm4_swimlane`
-- ----------------------------
DROP TABLE IF EXISTS `jbpm4_swimlane`;
CREATE TABLE `jbpm4_swimlane` (
  `DBID_` bigint(20) NOT NULL,
  `DBVERSION_` int(11) NOT NULL,
  `NAME_` varchar(255) DEFAULT NULL,
  `ASSIGNEE_` varchar(255) DEFAULT NULL,
  `EXECUTION_` bigint(20) DEFAULT NULL,
  PRIMARY KEY (`DBID_`),
  KEY `FK_SWIMLANE_EXEC` (`EXECUTION_`),
  KEY `IDX_SWIMLANE_EXEC` (`EXECUTION_`),
  CONSTRAINT `FK_SWIMLANE_EXEC` FOREIGN KEY (`EXECUTION_`) REFERENCES `jbpm4_execution` (`DBID_`)
) ENGINE=InnoDB DEFAULT CHARSET=utf8;

-- ----------------------------
-- Records of jbpm4_swimlane
-- ----------------------------

-- ----------------------------
-- Table structure for `jbpm4_task`
-- ----------------------------
DROP TABLE IF EXISTS `jbpm4_task`;
CREATE TABLE `jbpm4_task` (
  `DBID_` bigint(20) NOT NULL,
  `CLASS_` char(1) NOT NULL,
  `DBVERSION_` int(11) NOT NULL,
  `NAME_` varchar(255) DEFAULT NULL,
  `DESCR_` longtext,
  `STATE_` varchar(255) DEFAULT NULL,
  `SUSPHISTSTATE_` varchar(255) DEFAULT NULL,
  `ASSIGNEE_` varchar(255) DEFAULT NULL,
  `FORM_` varchar(255) DEFAULT NULL,
  `PRIORITY_` int(11) DEFAULT NULL,
  `CREATE_` datetime DEFAULT NULL,
  `DUEDATE_` datetime DEFAULT NULL,
  `PROGRESS_` int(11) DEFAULT NULL,
  `SIGNALLING_` bit(1) DEFAULT NULL,
  `EXECUTION_ID_` varchar(255) DEFAULT NULL,
  `ACTIVITY_NAME_` varchar(255) DEFAULT NULL,
  `HASVARS_` bit(1) DEFAULT NULL,
  `SUPERTASK_` bigint(20) DEFAULT NULL,
  `EXECUTION_` bigint(20) DEFAULT NULL,
  `PROCINST_` bigint(20) DEFAULT NULL,
  `SWIMLANE_` bigint(20) DEFAULT NULL,
  `TASKDEFNAME_` varchar(255) DEFAULT NULL,
  PRIMARY KEY (`DBID_`),
  KEY `FK_TASK_SWIML` (`SWIMLANE_`),
  KEY `FK_TASK_SUPERTASK` (`SUPERTASK_`),
  KEY `IDX_TASK_SUPERTASK` (`SUPERTASK_`),
  CONSTRAINT `FK_TASK_SUPERTASK` FOREIGN KEY (`SUPERTASK_`) REFERENCES `jbpm4_task` (`DBID_`),
  CONSTRAINT `FK_TASK_SWIML` FOREIGN KEY (`SWIMLANE_`) REFERENCES `jbpm4_swimlane` (`DBID_`)
) ENGINE=InnoDB DEFAULT CHARSET=utf8;

-- ----------------------------
-- Records of jbpm4_task
-- ----------------------------
INSERT INTO `jbpm4_task` VALUES ('30005', 'T', '1', '部门经理审批', null, 'open', null, '张三', null, '0', '2018-03-30 18:09:51', null, null, '', 'qingjia.30001', '部门经理审批', '', null, '30001', '30001', null, '部门经理审批');
INSERT INTO `jbpm4_task` VALUES ('40005', 'T', '1', '部门经理审批', null, 'open', null, '张三', null, '0', '2018-04-02 09:08:54', null, null, '', 'qingjia.40001', '部门经理审批', '', null, '40001', '40001', null, '部门经理审批');
INSERT INTO `jbpm4_task` VALUES ('50005', 'T', '1', '部门经理审批', null, 'open', null, '张三', null, '0', '2018-04-02 09:52:10', null, null, '', 'qingjia.50001', '部门经理审批', '', null, '50001', '50001', null, '部门经理审批');

-- ----------------------------
-- Table structure for `jbpm4_variable`
-- ----------------------------
DROP TABLE IF EXISTS `jbpm4_variable`;
CREATE TABLE `jbpm4_variable` (
  `DBID_` bigint(20) NOT NULL,
  `CLASS_` varchar(255) NOT NULL,
  `DBVERSION_` int(11) NOT NULL,
  `KEY_` varchar(255) DEFAULT NULL,
  `CONVERTER_` varchar(255) DEFAULT NULL,
  `HIST_` bit(1) DEFAULT NULL,
  `EXECUTION_` bigint(20) DEFAULT NULL,
  `TASK_` bigint(20) DEFAULT NULL,
  `LOB_` bigint(20) DEFAULT NULL,
  `DATE_VALUE_` datetime DEFAULT NULL,
  `DOUBLE_VALUE_` double DEFAULT NULL,
  `CLASSNAME_` varchar(255) DEFAULT NULL,
  `LONG_VALUE_` bigint(20) DEFAULT NULL,
  `STRING_VALUE_` varchar(255) DEFAULT NULL,
  `TEXT_VALUE_` longtext,
  `EXESYS_` bigint(20) DEFAULT NULL,
  PRIMARY KEY (`DBID_`),
  KEY `FK_VAR_EXESYS` (`EXESYS_`),
  KEY `FK_VAR_LOB` (`LOB_`),
  KEY `FK_VAR_TASK` (`TASK_`),
  KEY `FK_VAR_EXECUTION` (`EXECUTION_`),
  KEY `IDX_VAR_EXESYS` (`EXESYS_`),
  KEY `IDX_VAR_TASK` (`TASK_`),
  KEY `IDX_VAR_EXECUTION` (`EXECUTION_`),
  KEY `IDX_VAR_LOB` (`LOB_`),
  CONSTRAINT `FK_VAR_EXECUTION` FOREIGN KEY (`EXECUTION_`) REFERENCES `jbpm4_execution` (`DBID_`),
  CONSTRAINT `FK_VAR_EXESYS` FOREIGN KEY (`EXESYS_`) REFERENCES `jbpm4_execution` (`DBID_`),
  CONSTRAINT `FK_VAR_LOB` FOREIGN KEY (`LOB_`) REFERENCES `jbpm4_lob` (`DBID_`),
  CONSTRAINT `FK_VAR_TASK` FOREIGN KEY (`TASK_`) REFERENCES `jbpm4_task` (`DBID_`)
) ENGINE=InnoDB DEFAULT CHARSET=utf8;

-- ----------------------------
-- Records of jbpm4_variable
-- ----------------------------
INSERT INTO `jbpm4_variable` VALUES ('30002', 'hib-long', '0', 'form', null, '', '30001', null, null, null, null, 'cn.wang.oaA.domain.workflow.Form', '1', null, null, null);
INSERT INTO `jbpm4_variable` VALUES ('40002', 'hib-long', '0', 'form', null, '', '40001', null, null, null, null, 'cn.wang.oaA.domain.workflow.Form', '2', null, null, null);
INSERT INTO `jbpm4_variable` VALUES ('50002', 'hib-long', '0', 'form', null, '', '50001', null, null, null, null, 'cn.wang.oaA.domain.workflow.Form', '3', null, null, null);

-- ----------------------------
-- Table structure for `menuitem`
-- ----------------------------
DROP TABLE IF EXISTS `menuitem`;
CREATE TABLE `menuitem` (
  `mid` bigint(20) NOT NULL,
  `pid` bigint(20) DEFAULT NULL,
  `name` varchar(20) DEFAULT NULL,
  `icon` varchar(100) DEFAULT NULL,
  `isParent` bit(1) DEFAULT NULL,
  PRIMARY KEY (`mid`)
) ENGINE=InnoDB DEFAULT CHARSET=utf8;

-- ----------------------------
-- Records of menuitem
-- ----------------------------
INSERT INTO `menuitem` VALUES ('1', '0', '办公自动化', 'css/images/MenuIcon/FUNC20082.gif', '');
INSERT INTO `menuitem` VALUES ('2', '1', '个人办公', 'css/images/MenuIcon/FUNC20001.gif', '');
INSERT INTO `menuitem` VALUES ('3', '1', '审批流转', 'css/images/MenuIcon/FUNC20057.gif', '');
INSERT INTO `menuitem` VALUES ('4', '1', '知识管理', 'css/images/MenuIcon/FUNC20056.gif', '');
INSERT INTO `menuitem` VALUES ('5', '1', '管理行政', 'css/images/MenuIcon/manager.gif', '');
INSERT INTO `menuitem` VALUES ('6', '1', '人力资源', 'css/images/MenuIcon/FUNC20001.gif', '');
INSERT INTO `menuitem` VALUES ('7', '1', '电子邮件', 'css/images/MenuIcon/eml.gif', '');
INSERT INTO `menuitem` VALUES ('8', '1', '实用工具', 'css/images/MenuIcon/FUNC20076.gif', '');
INSERT INTO `menuitem` VALUES ('9', '1', '个人设置', 'css/images/MenuIcon/FUNC20001.gif', '');
INSERT INTO `menuitem` VALUES ('10', '1', '系统管理', 'css/images/MenuIcon/system.gif', '');
INSERT INTO `menuitem` VALUES ('11', '1', '权限管理', 'css/images/MenuIcon/system.gif', '');
INSERT INTO `menuitem` VALUES ('21', '2', '个人考勤', 'css/images/MenuIcon/FUNC20054.gif', '');
INSERT INTO `menuitem` VALUES ('22', '2', '日程安排', 'css/images/MenuIcon/FUNC23700.gif', '');
INSERT INTO `menuitem` VALUES ('23', '2', '工作计划', 'css/images/MenuIcon/FUNC20069.gif', '');
INSERT INTO `menuitem` VALUES ('24', '2', '工作日记', 'css/images/MenuIcon/FUNC20056.gif', '');
INSERT INTO `menuitem` VALUES ('25', '2', '通讯录', 'css/images/MenuIcon/time_date.gif', '');
INSERT INTO `menuitem` VALUES ('31', '3', '审批流程管理', 'css/images/MenuIcon/manager.gif', '');
INSERT INTO `menuitem` VALUES ('32', '3', '表单模板管理', 'css/images/MenuIcon/formmodel.gif', '');
INSERT INTO `menuitem` VALUES ('33', '3', '发起申请', 'css/images/MenuIcon/FUNC241000.gif', '');
INSERT INTO `menuitem` VALUES ('34', '3', '审批申请', 'css/images/MenuIcon/FUNC20029.gif', '');
INSERT INTO `menuitem` VALUES ('35', '3', '状态查询', 'css/images/MenuIcon/FUNC20029.gif', '');
INSERT INTO `menuitem` VALUES ('51', '5', '考勤管理', 'css/images/MenuIcon/FUNC20070.gif', '');
INSERT INTO `menuitem` VALUES ('52', '5', '会议管理', 'css/images/MenuIcon/FUNC20064.gif', '');
INSERT INTO `menuitem` VALUES ('53', '5', '车辆管理', 'css/images/MenuIcon/radio_blue.gif', '');
INSERT INTO `menuitem` VALUES ('61', '6', '档案管理', 'css/images/MenuIcon/FUNC20076.gif', '');
INSERT INTO `menuitem` VALUES ('62', '6', '培训记录', 'css/images/MenuIcon/FUNC55000.gif', '');
INSERT INTO `menuitem` VALUES ('63', '6', '奖赏记录', 'css/images/MenuIcon/FUNC55000.gif', '');
INSERT INTO `menuitem` VALUES ('64', '6', '职位变更', 'css/images/MenuIcon/FUNC55000.gif', '');
INSERT INTO `menuitem` VALUES ('65', '6', '人事合同', 'css/images/MenuIcon/FUNC55000.gif', '');
INSERT INTO `menuitem` VALUES ('66', '6', '薪酬制度', 'css/images/MenuIcon/FUNC20001.gif', '');
INSERT INTO `menuitem` VALUES ('81', '8', '车票预定', 'css/images/MenuIcon/FUNC220000.gif', '');
INSERT INTO `menuitem` VALUES ('82', '8', 'GIS查询', 'css/images/MenuIcon/search.gif', '');
INSERT INTO `menuitem` VALUES ('83', '8', '邮政编码', 'css/images/MenuIcon/FUNC249000.gif', '');
INSERT INTO `menuitem` VALUES ('91', '9', '个人信息', 'css/images/MenuIcon/FUNC20001.gif', '');
INSERT INTO `menuitem` VALUES ('92', '9', '密码修改', 'css/images/MenuIcon/FUNC241000.gif', '');
INSERT INTO `menuitem` VALUES ('101', '10', '岗位管理', 'css/images/MenuIcon/FUNC20001.gif', '');
INSERT INTO `menuitem` VALUES ('102', '10', '部门管理', 'css/images/MenuIcon/department.gif', '');
INSERT INTO `menuitem` VALUES ('103', '10', '用户管理', 'css/images/MenuIcon/FUNC20001.gif', '');

-- ----------------------------
-- Table structure for `person`
-- ----------------------------
DROP TABLE IF EXISTS `person`;
CREATE TABLE `person` (
  `pid` bigint(20) NOT NULL,
  `name` varchar(20) DEFAULT NULL,
  PRIMARY KEY (`pid`)
) ENGINE=InnoDB DEFAULT CHARSET=utf8;

-- ----------------------------
-- Records of person
-- ----------------------------
INSERT INTO `person` VALUES ('1', '王二麻子6');
INSERT INTO `person` VALUES ('2', '王二麻子7');

-- ----------------------------
-- Table structure for `privilege`
-- ----------------------------
DROP TABLE IF EXISTS `privilege`;
CREATE TABLE `privilege` (
  `id` bigint(20) NOT NULL,
  `pid` bigint(20) DEFAULT NULL,
  `isParent` bit(1) DEFAULT NULL,
  `url` varchar(100) DEFAULT NULL,
  `target` varchar(20) DEFAULT NULL,
  `icon` varchar(100) DEFAULT NULL,
  `name` varchar(20) DEFAULT NULL,
  `flag` varchar(1) DEFAULT NULL,
  `checked` bit(1) DEFAULT NULL,
  PRIMARY KEY (`id`)
) ENGINE=InnoDB DEFAULT CHARSET=utf8;

-- ----------------------------
-- Records of privilege
-- ----------------------------
INSERT INTO `privilege` VALUES ('1', '0', '', null, null, 'css/images/MenuIcon/FUNC20082.gif', '办公自动化', '1', null);
INSERT INTO `privilege` VALUES ('2', '1', '', null, null, 'css/images/MenuIcon/FUNC20001.gif', '个人办公', '1', null);
INSERT INTO `privilege` VALUES ('3', '1', '', null, null, 'css/images/MenuIcon/FUNC20057.gif', '审批流转', '1', null);
INSERT INTO `privilege` VALUES ('4', '1', '', null, null, 'css/images/MenuIcon/FUNC20056.gif', '知识管理', '1', null);
INSERT INTO `privilege` VALUES ('5', '1', '', null, null, 'css/images/MenuIcon/manager.gif', '管理行政', '1', null);
INSERT INTO `privilege` VALUES ('6', '1', '', null, null, 'css/images/MenuIcon/FUNC20001.gif', '人力资源', '1', null);
INSERT INTO `privilege` VALUES ('7', '1', '', null, null, 'css/images/MenuIcon/eml.gif', '电子邮件', '1', null);
INSERT INTO `privilege` VALUES ('8', '1', '', null, null, 'css/images/MenuIcon/FUNC20076.gif', '实用工具', '1', null);
INSERT INTO `privilege` VALUES ('9', '1', '', null, null, 'css/images/MenuIcon/FUNC20001.gif', '个人设置', '1', null);
INSERT INTO `privilege` VALUES ('10', '1', '', null, null, 'css/images/MenuIcon/system.gif', '系统管理', '1', null);
INSERT INTO `privilege` VALUES ('21', '2', '', null, null, 'css/images/MenuIcon/FUNC20054.gif', '个人考勤', '1', null);
INSERT INTO `privilege` VALUES ('22', '2', '', null, null, 'css/images/MenuIcon/FUNC23700.gif', '日程安排', '1', null);
INSERT INTO `privilege` VALUES ('23', '2', '', null, null, 'css/images/MenuIcon/FUNC20069.gif', '工作计划', '1', null);
INSERT INTO `privilege` VALUES ('24', '2', '', null, null, 'css/images/MenuIcon/FUNC20056.gif', '工作日记', '1', null);
INSERT INTO `privilege` VALUES ('25', '2', '', null, null, 'css/images/MenuIcon/time_date.gif', '通讯录', '1', null);
INSERT INTO `privilege` VALUES ('31', '3', '', null, null, 'css/images/MenuIcon/manager.gif', '审批流程管理', '1', null);
INSERT INTO `privilege` VALUES ('32', '3', '', null, null, 'css/images/MenuIcon/formmodel.gif', '表单模板管理', '1', null);
INSERT INTO `privilege` VALUES ('33', '3', '', 'workFlowAction_showFormTemplate.action', 'right', 'css/images/MenuIcon/FUNC241000.gif', '发起申请', '1', null);
INSERT INTO `privilege` VALUES ('34', '3', '', null, null, 'css/images/MenuIcon/FUNC20029.gif', '审批申请', '1', null);
INSERT INTO `privilege` VALUES ('35', '3', '', null, null, 'css/images/MenuIcon/FUNC20029.gif', '状态查询', '1', null);
INSERT INTO `privilege` VALUES ('51', '5', '', null, null, 'css/images/MenuIcon/FUNC20070.gif', '考勤管理', '1', null);
INSERT INTO `privilege` VALUES ('52', '5', '', null, null, 'css/images/MenuIcon/FUNC20064.gif', '会议管理', '1', null);
INSERT INTO `privilege` VALUES ('53', '5', '', null, null, 'css/images/MenuIcon/radio_blue.gif', '车辆管理', '1', null);
INSERT INTO `privilege` VALUES ('61', '6', '', null, null, 'css/images/MenuIcon/FUNC20076.gif', '档案管理', '1', null);
INSERT INTO `privilege` VALUES ('62', '6', '', null, null, 'css/images/MenuIcon/FUNC55000.gif', '培训记录', '1', null);
INSERT INTO `privilege` VALUES ('63', '6', '', null, null, 'css/images/MenuIcon/FUNC55000.gif', '奖赏记录', '1', null);
INSERT INTO `privilege` VALUES ('64', '6', '', null, null, 'css/images/MenuIcon/FUNC55000.gif', '职位变更', '1', null);
INSERT INTO `privilege` VALUES ('65', '6', '', null, null, 'css/images/MenuIcon/FUNC55000.gif', '人事合同', '1', null);
INSERT INTO `privilege` VALUES ('66', '6', '', null, null, 'css/images/MenuIcon/FUNC20001.gif', '薪酬制度', '1', null);
INSERT INTO `privilege` VALUES ('81', '8', '', null, null, 'css/images/MenuIcon/FUNC220000.gif', '车票预定', '1', null);
INSERT INTO `privilege` VALUES ('82', '8', '', null, null, 'css/images/MenuIcon/search.gif', 'GIS查询', '1', null);
INSERT INTO `privilege` VALUES ('83', '8', '', null, null, 'css/images/MenuIcon/FUNC249000.gif', '邮政编码', '1', null);
INSERT INTO `privilege` VALUES ('91', '9', '', '', '', 'css/images/MenuIcon/FUNC20001.gif', '个人信息', '1', null);
INSERT INTO `privilege` VALUES ('92', '9', '', null, null, 'css/images/MenuIcon/FUNC241000.gif', '密码修改', '1', null);
INSERT INTO `privilege` VALUES ('101', '10', '', 'roleAction_showAllRole.action', 'right', 'css/images/MenuIcon/FUNC20001.gif', '岗位管理', '1', null);
INSERT INTO `privilege` VALUES ('102', '10', '', 'departmentAction_showAllDepartment.action', 'right', 'css/images/MenuIcon/department.gif', '部门管理', '1', null);
INSERT INTO `privilege` VALUES ('103', '10', '', 'userAction_showAllUser.action', 'right', 'css/images/MenuIcon/FUNC20001.gif', '用户管理', '1', null);
INSERT INTO `privilege` VALUES ('201', '0', null, null, null, 'css/images/MenuIcon/system.gif', '用户增加', '2', null);
INSERT INTO `privilege` VALUES ('202', '0', null, null, null, 'css/images/MenuIcon/system.gif', '用户删除', '2', null);
INSERT INTO `privilege` VALUES ('203', '0', null, null, null, 'css/images/MenuIcon/system.gif', '用户修改', '2', null);
INSERT INTO `privilege` VALUES ('204', '0', null, null, null, 'css/images/MenuIcon/system.gif', '部门增加', '2', null);
INSERT INTO `privilege` VALUES ('205', '0', null, null, null, 'css/images/MenuIcon/system.gif', '部门删除', '2', null);
INSERT INTO `privilege` VALUES ('206', '0', null, null, null, 'css/images/MenuIcon/system.gif', '部门修改', '2', null);
INSERT INTO `privilege` VALUES ('207', '0', null, null, null, 'css/images/MenuIcon/system.gif', '岗位增加', '2', null);
INSERT INTO `privilege` VALUES ('208', '0', null, null, null, 'css/images/MenuIcon/system.gif', '岗位删除', '2', null);
INSERT INTO `privilege` VALUES ('209', '0', null, null, null, 'css/images/MenuIcon/system.gif', '岗位修改', '2', null);
INSERT INTO `privilege` VALUES ('210', '0', null, null, null, 'css/images/MenuIcon/system.gif', '用户查询', '2', null);
INSERT INTO `privilege` VALUES ('211', '0', null, null, null, 'css/images/MenuIcon/system.gif', '部门查询', '2', null);
INSERT INTO `privilege` VALUES ('212', '0', null, null, null, 'css/images/MenuIcon/system.gif', '岗位查询', '2', null);

-- ----------------------------
-- Table structure for `role`
-- ----------------------------
DROP TABLE IF EXISTS `role`;
CREATE TABLE `role` (
  `rid` bigint(20) NOT NULL,
  `name` varchar(20) DEFAULT NULL,
  `description` varchar(20) DEFAULT NULL,
  `pid` bigint(20) DEFAULT NULL,
  `checked` bit(1) DEFAULT NULL,
  PRIMARY KEY (`rid`)
) ENGINE=InnoDB DEFAULT CHARSET=utf8;

-- ----------------------------
-- Records of role
-- ----------------------------
INSERT INTO `role` VALUES ('1', '用户角色', '拥有用户模块的crud的操作', '0', null);
INSERT INTO `role` VALUES ('2', '部门角色', '拥有部门模块的crud的操作', '0', null);
INSERT INTO `role` VALUES ('3', '岗位角色', '拥有岗位模块的crud的操作', '0', null);

-- ----------------------------
-- Table structure for `role_privilege`
-- ----------------------------
DROP TABLE IF EXISTS `role_privilege`;
CREATE TABLE `role_privilege` (
  `id` bigint(20) NOT NULL,
  `rid` bigint(20) NOT NULL,
  PRIMARY KEY (`rid`,`id`),
  KEY `FK45FBD628FB05AE10` (`id`),
  KEY `FK45FBD62837434BF` (`rid`),
  CONSTRAINT `FK45FBD62837434BF` FOREIGN KEY (`rid`) REFERENCES `role` (`rid`),
  CONSTRAINT `FK45FBD628FB05AE10` FOREIGN KEY (`id`) REFERENCES `privilege` (`id`)
) ENGINE=InnoDB DEFAULT CHARSET=utf8;

-- ----------------------------
-- Records of role_privilege
-- ----------------------------
INSERT INTO `role_privilege` VALUES ('1', '1');
INSERT INTO `role_privilege` VALUES ('1', '2');
INSERT INTO `role_privilege` VALUES ('1', '3');
INSERT INTO `role_privilege` VALUES ('2', '3');
INSERT INTO `role_privilege` VALUES ('3', '1');
INSERT INTO `role_privilege` VALUES ('3', '3');
INSERT INTO `role_privilege` VALUES ('4', '3');
INSERT INTO `role_privilege` VALUES ('5', '2');
INSERT INTO `role_privilege` VALUES ('5', '3');
INSERT INTO `role_privilege` VALUES ('6', '3');
INSERT INTO `role_privilege` VALUES ('7', '3');
INSERT INTO `role_privilege` VALUES ('8', '2');
INSERT INTO `role_privilege` VALUES ('8', '3');
INSERT INTO `role_privilege` VALUES ('9', '3');
INSERT INTO `role_privilege` VALUES ('10', '1');
INSERT INTO `role_privilege` VALUES ('10', '2');
INSERT INTO `role_privilege` VALUES ('10', '3');
INSERT INTO `role_privilege` VALUES ('21', '3');
INSERT INTO `role_privilege` VALUES ('22', '3');
INSERT INTO `role_privilege` VALUES ('23', '3');
INSERT INTO `role_privilege` VALUES ('24', '3');
INSERT INTO `role_privilege` VALUES ('25', '3');
INSERT INTO `role_privilege` VALUES ('31', '1');
INSERT INTO `role_privilege` VALUES ('31', '3');
INSERT INTO `role_privilege` VALUES ('32', '1');
INSERT INTO `role_privilege` VALUES ('32', '3');
INSERT INTO `role_privilege` VALUES ('33', '1');
INSERT INTO `role_privilege` VALUES ('33', '3');
INSERT INTO `role_privilege` VALUES ('34', '1');
INSERT INTO `role_privilege` VALUES ('34', '3');
INSERT INTO `role_privilege` VALUES ('35', '1');
INSERT INTO `role_privilege` VALUES ('35', '3');
INSERT INTO `role_privilege` VALUES ('51', '2');
INSERT INTO `role_privilege` VALUES ('51', '3');
INSERT INTO `role_privilege` VALUES ('52', '2');
INSERT INTO `role_privilege` VALUES ('52', '3');
INSERT INTO `role_privilege` VALUES ('53', '2');
INSERT INTO `role_privilege` VALUES ('53', '3');
INSERT INTO `role_privilege` VALUES ('61', '3');
INSERT INTO `role_privilege` VALUES ('62', '3');
INSERT INTO `role_privilege` VALUES ('63', '3');
INSERT INTO `role_privilege` VALUES ('64', '3');
INSERT INTO `role_privilege` VALUES ('65', '3');
INSERT INTO `role_privilege` VALUES ('66', '3');
INSERT INTO `role_privilege` VALUES ('81', '2');
INSERT INTO `role_privilege` VALUES ('81', '3');
INSERT INTO `role_privilege` VALUES ('82', '2');
INSERT INTO `role_privilege` VALUES ('82', '3');
INSERT INTO `role_privilege` VALUES ('83', '2');
INSERT INTO `role_privilege` VALUES ('83', '3');
INSERT INTO `role_privilege` VALUES ('91', '3');
INSERT INTO `role_privilege` VALUES ('92', '3');
INSERT INTO `role_privilege` VALUES ('101', '1');
INSERT INTO `role_privilege` VALUES ('101', '2');
INSERT INTO `role_privilege` VALUES ('101', '3');
INSERT INTO `role_privilege` VALUES ('102', '1');
INSERT INTO `role_privilege` VALUES ('102', '2');
INSERT INTO `role_privilege` VALUES ('102', '3');
INSERT INTO `role_privilege` VALUES ('103', '1');
INSERT INTO `role_privilege` VALUES ('103', '2');
INSERT INTO `role_privilege` VALUES ('103', '3');
INSERT INTO `role_privilege` VALUES ('201', '1');
INSERT INTO `role_privilege` VALUES ('201', '3');
INSERT INTO `role_privilege` VALUES ('202', '1');
INSERT INTO `role_privilege` VALUES ('202', '3');
INSERT INTO `role_privilege` VALUES ('203', '1');
INSERT INTO `role_privilege` VALUES ('203', '3');
INSERT INTO `role_privilege` VALUES ('210', '3');
INSERT INTO `role_privilege` VALUES ('211', '1');
INSERT INTO `role_privilege` VALUES ('212', '1');

-- ----------------------------
-- Table structure for `user`
-- ----------------------------
DROP TABLE IF EXISTS `user`;
CREATE TABLE `user` (
  `uid` bigint(20) NOT NULL,
  `username` varchar(20) DEFAULT NULL,
  `password` varchar(20) DEFAULT NULL,
  `email` varchar(20) DEFAULT NULL,
  `phone` varchar(11) DEFAULT NULL,
  `sex` varchar(20) DEFAULT NULL,
  `did` bigint(20) DEFAULT NULL,
  PRIMARY KEY (`uid`),
  KEY `FK285FEBFADA660D` (`did`),
  CONSTRAINT `FK285FEBFADA660D` FOREIGN KEY (`did`) REFERENCES `department` (`did`)
) ENGINE=InnoDB DEFAULT CHARSET=utf8;

-- ----------------------------
-- Records of user
-- ----------------------------
INSERT INTO `user` VALUES ('1', 'admin', 'admin', null, null, null, '1');
INSERT INTO `user` VALUES ('2', 'root', 'root', '12312312312', '123', '男', '1');

-- ----------------------------
-- Table structure for `user_role`
-- ----------------------------
DROP TABLE IF EXISTS `user_role`;
CREATE TABLE `user_role` (
  `rid` bigint(20) NOT NULL,
  `uid` bigint(20) NOT NULL,
  PRIMARY KEY (`uid`,`rid`),
  KEY `FK143BF46A375AB57` (`uid`),
  KEY `FK143BF46A37434BF` (`rid`),
  CONSTRAINT `FK143BF46A37434BF` FOREIGN KEY (`rid`) REFERENCES `role` (`rid`),
  CONSTRAINT `FK143BF46A375AB57` FOREIGN KEY (`uid`) REFERENCES `user` (`uid`)
) ENGINE=InnoDB DEFAULT CHARSET=utf8;

-- ----------------------------
-- Records of user_role
-- ----------------------------
INSERT INTO `user_role` VALUES ('1', '1');
INSERT INTO `user_role` VALUES ('1', '2');
